cellLabelInImage,X,Y,cluster,patient_id
,1536.811,4.6,10,39
,1709.461,11.63364,13,39
,1538.447,24.64129,10,39
,1579.801,76.2659,13,39
,1199.279,100.2574,13,39
,1404.46,206.7605,22,39
,1709.065,214.4312,13,39
,1762.004,228.3377,13,39
,1530.97,299.3712,13,39
,1745.349,310.0,13,39
,112.4974,317.0462,13,39
,1418.232,368.4989,13,39
,1526.662,385.8783,13,39
,1489.665,465.0191,13,39
,1338.527,533.3696,13,39
,889.8231,542.4846,13,39
,713.0306,683.7336,13,39
,697.8484,721.426,13,39
,893.2108,783.2209,13,39
,1229.33,808.6449,13,39
,610.8937,835.9565,13,39
,615.1944,850.0,13,39
,1305.71,881.7983,8,39
,1328.494,886.8333,13,39
,369.9286,889.9392,13,39
,1341.322,897.2109,16,39
,1318.929,892.4762,13,39
,1356.818,904.5364,16,39
,112.1829,951.9686,13,39
,515.3229,982.7582,13,39
,365.2686,999.7881,13,39
,592.0267,1083.849,13,39
,222.9957,1094.719,13,39
,805.4051,1117.228,13,39
,413.1422,1128.092,13,39
,1264.852,1156.778,13,39
,438.8495,1172.883,13,39
,1195.247,1330.469,13,39
,908.066,1419.203,13,39
,872.8121,1540.758,13,39
,18.94891,1549.666,13,39
,1335.707,1645.924,13,39
,1261.378,1675.017,13,39
,1200.302,1699.027,13,39
,1225.859,1702.968,13,39
,1361.133,1718.343,13,39
,369.4276,1723.114,13,39
,1347.394,1726.938,13,39
,1639.205,1726.705,10,39
,1386.501,1731.313,13,39
,381.1473,1884.042,13,39
,485.899,1899.569,13,39
,357.1731,1973.012,13,39
,1261.581,1990.46,13,39
,225.5679,2042.491,13,39
,879.3639,796.1779,13,39
,1498.848,11.18502,20,39
,1555.764,44.91822,10,39
,1596.919,60.12903,10,39
,1609.484,66.06522,10,39
,86.16825,131.7587,10,39
,308.3849,151.9414,22,39
,1733.111,254.3584,22,39
,1400.142,273.8651,9,39
,1885.398,292.2961,22,39
,1721.516,304.6004,14,39
,1170.904,403.6114,17,39
,1186.219,403.2055,17,39
,1222.795,431.8913,17,39
,1203.377,435.1321,17,39
,1192.066,435.8421,10,39
,1300.476,482.906,17,39
,1096.118,525.0735,10,39
,533.8111,533.3111,10,39
,1477.036,571.7735,14,39
,79.9375,708.2125,14,39
,987.3461,729.2202,10,39
,820.2136,762.466,20,39
,874.8269,767.8346,10,39
,826.215,777.0514,10,39
,1322.896,796.1729,20,39
,1313.15,808.2,20,39
,1334.526,807.701,10,39
,923.3451,814.1137,20,39
,1282.471,829.2353,22,39
,1267.143,833.2524,22,39
,645.2621,842.6553,13,39
,984.2333,842.1556,10,39
,1031.172,927.68,10,39
,1328.207,940.4202,22,39
,459.5141,967.9884,15,39
,559.3105,973.037,22,39
,618.2051,996.7607,10,39
,706.5139,1030.071,10,39
,785.1279,1048.686,19,39
,949.3655,1055.503,10,39
,818.2906,1064.747,22,39
,1014.406,1070.023,10,39
,836.6044,1072.051,22,39
,1080.491,1087.824,10,39
,657.367,1093.459,10,39
,818.3625,1104.888,10,39
,597.5783,1128.328,10,39
,574.9812,1143.919,10,39
,569.417,1177.078,13,39
,338.5673,1190.769,14,39
,1209.072,1313.794,10,39
,1038.527,1360.682,10,39
,1199.647,1366.34,10,39
,704.0,1471.62,10,39
,741.9318,1497.189,10,39
,1112.449,1511.309,17,39
,1603.841,1534.079,17,39
,948.12,1560.26,10,39
,1452.357,1591.118,10,39
,1718.481,1595.582,17,39
,1014.83,1676.28,19,39
,1601.435,1799.802,17,39
,1881.551,1809.954,17,39
,1791.885,1809.037,17,39
,1250.123,1839.94,10,39
,1870.285,1858.112,17,39
,471.875,1932.256,10,39
,993.205,15.60791,15,39
,1402.858,18.02722,4,39
,1422.813,20.26374,1,39
,1045.789,32.15646,15,39
,989.225,33.0,15,39
,1872.448,34.26715,16,39
,1523.04,47.3683,10,39
,1672.639,50.58607,1,39
,1094.393,55.14107,15,39
,1538.789,57.32727,10,39
,247.592,67.47701,0,39
,1562.953,68.14493,13,39
,1544.937,71.77622,1,39
,389.7035,73.94477,1,39
,282.3553,75.74116,15,39
,419.2569,91.68807,15,39
,1297.811,92.70306,8,39
,1173.615,97.30545,13,39
,2008.524,105.9146,20,39
,1654.874,118.8102,16,39
,1392.086,120.9139,8,39
,408.4487,126.1103,15,39
,274.753,133.7861,15,39
,1003.947,137.0503,16,39
,1665.902,137.3884,1,39
,34.56022,139.5882,10,39
,1629.871,144.7948,10,39
,107.1367,151.0046,1,39
,1722.358,151.8766,1,39
,1951.533,153.0962,15,39
,46.38065,152.4129,20,39
,1865.318,154.1415,23,39
,1504.422,166.5736,10,39
,259.9304,167.0167,15,39
,407.2915,167.9063,15,39
,1970.054,189.8199,9,39
,1335.481,197.0524,20,39
,1534.234,199.1606,19,39
,1755.904,199.333,8,39
,1685.285,203.3321,10,39
,1730.165,213.5653,13,39
,1301.455,218.0018,15,39
,1515.158,221.2008,15,39
,944.6509,228.0,15,39
,1161.864,247.9842,20,39
,160.4792,251.8333,15,39
,993.4514,252.2343,1,39
,1451.405,254.173,21,39
,984.6783,257.7913,1,39
,1156.291,263.0823,22,39
,1510.11,262.8527,1,39
,1179.418,267.1418,20,39
,1534.191,267.7702,13,39
,1769.521,267.7052,20,39
,1469.864,272.4022,14,39
,1504.07,276.1308,20,39
,1731.167,278.5623,14,39
,1519.398,285.1211,13,39
,1535.354,283.935,13,39
,1017.797,290.3564,15,39
,1436.25,289.6085,9,39
,1496.844,291.304,22,39
,1460.521,293.018,9,39
,117.7434,295.6191,1,39
,73.40763,302.2702,1,39
,2041.818,320.671,1,39
,1492.442,320.8571,13,39
,5.651163,326.3547,1,39
,1518.772,325.0093,16,39
,396.4891,327.7541,0,39
,1503.161,331.9153,13,39
,1336.353,342.5425,9,39
,1551.802,355.7107,10,39
,1508.968,357.1075,20,39
,1671.753,365.6385,13,39
,1369.654,365.6995,9,39
,1879.394,375.445,15,39
,1624.055,380.2581,15,39
,205.63,384.9244,15,39
,260.3319,388.9332,18,39
,1100.199,421.8946,9,39
,1521.594,419.5786,14,39
,1701.266,421.5836,9,39
,1654.24,426.0886,22,39
,1140.088,435.4211,15,39
,1537.89,438.6012,20,39
,259.1399,440.7563,14,39
,1153.639,441.8795,15,39
,1907.123,444.8911,15,39
,1147.016,453.3411,15,39
,1503.548,453.8612,20,39
,1559.468,456.3636,15,39
,1193.549,458.7451,15,39
,713.0,465.6515,15,39
,1510.423,467.1165,20,39
,1935.069,471.8519,15,39
,1475.203,482.3236,18,39
,1544.589,486.1023,20,39
,1897.03,485.3771,14,39
,860.5516,489.7467,15,39
,1612.025,497.6443,20,39
,1536.327,501.119,20,39
,1676.689,500.4517,9,39
,1830.676,500.0319,9,39
,117.6,500.9925,14,39
,141.6296,500.9725,20,39
,307.7309,501.2394,0,39
,962.6278,517.3077,20,39
,1919.951,528.1103,1,39
,589.6178,528.7273,1,39
,1435.507,531.3448,14,39
,1780.912,531.2198,9,39
,1506.905,534.283,14,39
,1073.741,533.9529,9,39
,725.8788,536.1667,20,39
,1670.937,541.8509,12,39
,203.9314,539.9118,14,39
,405.352,541.2602,1,39
,714.277,549.6622,15,39
,1471.35,552.9628,14,39
,749.4313,557.6991,16,39
,799.4312,558.3716,15,39
,1921.572,560.6889,15,39
,635.9847,563.6005,15,39
,814.4715,565.9675,15,39
,443.2084,574.1242,14,39
,68.5835,582.9057,14,39
,1168.097,585.9732,15,39
,962.2463,590.7094,20,39
,94.33518,591.6316,8,39
,170.3987,597.5342,9,39
,1808.666,598.1089,14,39
,962.4553,616.3346,18,39
,153.5452,620.0234,14,39
,746.6741,629.3593,1,39
,101.9385,632.881,14,39
,1116.57,632.9114,18,39
,1298.489,633.2771,20,39
,477.4926,634.1239,15,39
,420.3278,634.4858,9,39
,1898.811,645.787,1,39
,1789.703,649.1364,16,39
,756.5448,653.2761,1,39
,1804.188,653.9758,15,39
,292.7153,657.3681,9,39
,336.0023,657.3628,9,39
,1682.842,663.5809,9,39
,269.7353,665.0063,9,39
,753.9101,665.7865,1,39
,77.74206,667.2785,9,39
,1670.456,668.2653,9,39
,928.8605,672.6047,15,39
,1708.091,672.6969,18,39
,340.0729,674.2812,9,39
,248.7785,677.3354,9,39
,304.5206,680.0564,9,39
,1677.392,683.074,10,39
,267.9592,690.2469,1,39
,599.2162,692.484,18,39
,1691.714,689.4879,15,39
,203.4329,699.1341,14,39
,1336.938,699.8298,16,39
,677.1795,699.6154,20,39
,1733.306,702.3431,13,39
,586.2383,704.4369,15,39
,660.4019,709.1589,20,39
,1186.693,709.9165,15,39
,1293.739,711.0616,15,39
,1011.172,714.4731,15,39
,55.5483,716.9048,14,39
,1200.8,720.6667,20,39
,1316.422,722.0672,18,39
,499.8178,724.0698,15,39
,626.6,724.127,15,39
,965.6057,725.0436,20,39
,1879.895,733.5414,14,39
,248.2833,728.27,9,39
,543.3063,728.4564,21,39
,1665.38,729.2178,15,39
,677.7096,731.5993,13,39
,1766.396,733.7771,13,39
,937.2349,738.5572,15,39
,1800.565,742.0494,14,39
,1293.996,742.9655,15,39
,312.8498,744.1646,1,39
,867.5035,746.617,22,39
,256.7082,752.2579,1,39
,40.18947,756.0175,15,39
,240.3686,756.4665,9,39
,663.5279,759.6294,1,39
,764.1638,759.4972,1,39
,1220.847,765.4352,15,39
,1068.823,766.4764,20,39
,1018.683,769.7941,1,39
,1987.107,774.9848,15,39
,430.9529,776.1686,15,39
,651.5054,774.9459,10,39
,940.3624,783.9799,13,39
,788.4918,788.582,8,39
,933.2232,794.8136,20,39
,1796.671,795.1726,14,39
,33.92776,796.4867,15,39
,216.1337,797.7733,9,39
,1080.9,800.1782,15,39
,449.1933,802.3361,15,39
,477.7994,807.255,15,39
,1063.197,808.5937,15,39
,524.8206,811.866,15,39
,1115.02,812.9949,20,39
,942.9378,812.0267,20,39
,448.6059,817.7586,15,39
,557.3895,820.7921,1,39
,1835.726,820.1149,20,39
,1792.396,820.7096,18,39
,1001.932,830.8602,1,39
,624.0,842.5,13,39
,1315.189,842.2951,1,39
,161.3971,847.5407,9,39
,152.5676,855.1261,9,39
,1006.473,854.9905,1,39
,647.2818,861.2643,20,39
,68.59884,862.2829,14,39
,789.9184,863.1986,1,39
,807.2448,867.1829,19,39
,147.3286,868.4714,14,39
,469.5491,874.5121,14,39
,831.2828,882.5488,1,39
,134.9459,882.9316,14,39
,569.1594,882.6486,1,39
,1072.777,892.4326,8,39
,132.9787,896.8298,14,39
,227.6311,901.4587,15,39
,527.3982,903.6814,1,39
,576.7764,904.357,1,39
,407.0113,917.4931,13,39
,1356.948,918.6678,1,39
,82.94672,921.959,13,39
,623.6376,930.6115,1,39
,1359.777,935.5541,1,39
,649.7085,937.5948,1,39
,2015.154,945.5823,20,39
,630.8744,951.9163,8,39
,583.5,955.1967,13,39
,185.5539,957.4395,15,39
,677.7905,957.1284,10,39
,2016.148,962.9214,9,39
,482.5461,963.6494,14,39
,901.2353,963.5943,10,39
,1971.339,965.8548,15,39
,23.40233,972.7568,14,39
,397.7763,972.6184,1,39
,204.3441,975.4455,15,39
,545.1381,981.4527,10,39
,1988.425,982.5121,15,39
,475.4681,984.633,18,39
,327.9379,990.6326,14,39
,537.0283,992.7453,16,39
,1839.189,992.3194,15,39
,977.0336,993.8076,1,39
,852.5942,998.8927,19,39
,1029.19,1000.277,4,39
,521.2472,1013.723,1,39
,453.1949,1018.787,14,39
,468.285,1020.416,14,39
,255.5528,1024.323,18,39
,782.9856,1030.405,1,39
,1243.092,1032.004,15,39
,764.0892,1035.325,1,39
,247.3862,1035.789,18,39
,1911.324,1043.993,0,39
,426.7333,1047.305,14,39
,394.5993,1047.254,13,39
,250.7516,1053.374,1,39
,437.2421,1056.882,14,39
,852.9967,1060.358,20,39
,974.3717,1057.818,1,39
,213.1133,1060.407,1,39
,928.6721,1062.303,1,39
,1924.8,1061.481,15,39
,795.2188,1066.488,8,39
,288.6228,1067.805,16,39
,386.558,1072.188,14,39
,880.5291,1074.273,1,39
,946.5972,1074.58,20,39
,2001.032,1076.618,20,39
,817.6667,1081.842,10,39
,27.85336,1083.214,1,39
,448.2334,1082.994,14,39
,549.8536,1085.033,14,39
,1982.659,1086.472,1,39
,386.0278,1090.358,14,39
,1049.754,1090.345,1,39
,258.6629,1092.377,1,39
,357.5502,1092.279,14,39
,486.3314,1090.66,14,39
,519.2857,1096.221,20,39
,502.7679,1099.637,14,39
,458.7302,1101.345,14,39
,26.78235,1103.894,1,39
,1359.903,1106.723,1,39
,1127.677,1109.896,15,39
,1046.907,1115.468,22,39
,1000.842,1118.803,15,39
,509.6138,1121.953,14,39
,532.4403,1127.167,8,39
,632.7869,1128.472,18,39
,142.0444,1133.747,14,39
,969.7615,1136.369,10,39
,476.6667,1144.198,16,39
,89.47739,1149.809,9,39
,530.8565,1149.803,14,39
,793.1739,1150.557,1,39
,659.8627,1153.029,18,39
,563.4292,1152.77,18,39
,1193.482,1153.002,22,39
,293.5661,1160.62,14,39
,1874.404,1167.212,15,39
,308.9197,1168.456,14,39
,204.8372,1169.011,9,39
,369.5536,1171.911,14,39
,659.0643,1174.702,20,39
,384.5681,1178.958,14,39
,1262.963,1176.598,13,39
,1005.75,1181.76,15,39
,1189.822,1186.761,9,39
,310.0425,1186.877,15,39
,1939.464,1187.012,1,39
,672.8537,1191.152,1,39
,1237.991,1190.938,14,39
,1287.739,1198.853,10,39
,1001.317,1208.74,20,39
,471.6547,1208.919,18,39
,346.5905,1210.936,12,39
,924.578,1212.97,15,39
,937.4861,1213.861,9,39
,1296.424,1214.393,10,39
,1757.056,1216.123,10,39
,1166.275,1220.408,20,39
,304.0,1223.376,14,39
,426.5913,1223.465,15,39
,1130.695,1222.811,9,39
,685.1552,1225.453,1,39
,465.3026,1226.355,14,39
,206.0589,1227.149,14,39
,171.1135,1232.69,1,39
,915.1364,1235.238,15,39
,372.6114,1238.062,14,39
,890.7023,1239.038,8,39
,1080.405,1242.525,15,39
,284.0848,1244.221,9,39
,401.6573,1247.641,15,39
,541.7299,1252.61,8,39
,461.5722,1253.756,15,39
,874.9515,1256.286,14,39
,322.8571,1258.641,14,39
,369.9944,1258.522,20,39
,268.3526,1269.476,9,39
,357.726,1267.678,20,39
,1050.237,1274.885,22,39
,1649.858,1281.236,16,39
,514.8966,1283.38,15,39
,1103.689,1296.326,18,39
,403.2385,1299.634,15,39
,582.0502,1304.515,15,39
,233.5227,1309.477,15,39
,426.6741,1309.983,15,39
,826.0444,1310.32,15,39
,528.6853,1313.071,15,39
,573.9886,1319.754,15,39
,191.8582,1323.552,18,39
,471.9674,1324.102,14,39
,1206.176,1325.303,20,39
,1135.808,1327.597,15,39
,701.9099,1328.326,1,39
,848.0417,1334.708,15,39
,1215.294,1340.858,20,39
,552.995,1357.795,15,39
,388.375,1359.9,15,39
,989.2607,1361.691,20,39
,336.5745,1368.89,14,39
,260.0043,1382.715,20,39
,321.1426,1383.027,1,39
,903.6781,1388.411,15,39
,476.4611,1389.58,15,39
,1053.619,1390.032,1,39
,1174.948,1391.274,1,39
,304.4543,1392.424,15,39
,523.3301,1401.107,1,39
,104.1846,1399.018,8,39
,891.3964,1403.072,14,39
,417.3481,1413.428,15,39
,946.3061,1413.327,12,39
,534.2333,1420.98,14,39
,1061.483,1425.931,21,39
,177.7051,1428.987,19,39
,1017.278,1429.432,1,39
,393.9409,1432.245,18,39
,521.3729,1436.107,1,39
,854.2567,1448.713,14,39
,1057.843,1461.027,13,39
,591.508,1462.9,18,39
,242.6515,1465.051,15,39
,939.8235,1467.294,14,39
,598.7748,1486.407,15,39
,68.34868,1495.171,1,39
,498.6049,1502.085,8,39
,847.375,1508.904,18,39
,1024.704,1510.158,1,39
,380.2971,1512.37,15,39
,66.41164,1512.85,8,39
,261.339,1514.898,1,39
,487.7552,1523.888,15,39
,902.5694,1524.942,14,39
,1155.524,1534.996,21,39
,161.7292,1539.41,1,39
,259.8911,1546.478,1,39
,85.92111,1552.151,18,39
,620.9764,1560.0,15,39
,973.8535,1559.889,15,39
,970.2682,1573.962,1,39
,1023.28,1595.262,1,39
,931.053,1595.879,15,39
,872.2946,1603.946,15,39
,909.515,1604.533,15,39
,776.4137,1606.349,15,39
,1378.322,1605.624,22,39
,1017.787,1607.801,1,39
,1372.945,1620.452,15,39
,1014.916,1622.89,1,39
,833.0156,1629.271,18,39
,946.9708,1640.948,1,39
,1181.693,1641.199,8,39
,623.0831,1643.494,1,39
,151.962,1645.867,1,39
,815.0199,1654.973,15,39
,34.9738,1660.745,1,39
,1031.549,1661.059,1,39
,142.4058,1672.628,1,39
,97.09862,1685.543,1,39
,1152.619,1689.545,1,39
,437.0175,1692.947,15,39
,1022.725,1694.838,13,39
,1130.174,1708.286,1,39
,1163.163,1713.303,1,39
,994.933,1713.433,8,39
,592.0017,1721.199,18,39
,1028.89,1729.56,1,39
,1050.401,1728.636,10,39
,538.9185,1734.919,14,39
,1368.075,1735.634,18,39
,1130.013,1742.538,1,39
,73.9464,1745.312,1,39
,982.4595,1745.392,1,39
,26.46795,1752.701,1,39
,1473.016,1758.755,15,39
,735.3762,1758.838,1,39
,1249.243,1762.171,1,39
,1271.022,1764.039,10,39
,1427.755,1766.819,1,39
,1036.289,1768.808,1,39
,1287.909,1774.432,1,39
,151.8551,1780.23,10,39
,1247.797,1782.318,13,39
,1378.313,1787.993,1,39
,955.9511,1791.019,1,39
,1338.148,1791.615,13,39
,1303.858,1793.419,10,39
,425.981,1794.705,14,39
,691.6473,1798.243,14,39
,1129.505,1800.584,1,39
,1402.792,1799.604,1,39
,1388.0,1801.6,1,39
,1283.795,1805.018,10,39
,1149.284,1807.129,1,39
,447.7103,1807.92,8,39
,878.7756,1810.94,1,39
,1168.394,1834.323,1,39
,461.9635,1839.616,1,39
,163.4978,1845.883,15,39
,1175.243,1847.699,1,39
,1345.047,1847.565,1,39
,555.3589,1852.648,1,39
,66.33981,1854.84,15,39
,1322.045,1854.173,8,39
,1155.945,1854.947,18,39
,629.8465,1860.931,1,39
,485.1657,1863.003,14,39
,1239.77,1866.896,10,39
,1675.32,1870.617,1,39
,184.3402,1886.049,6,39
,989.1898,1890.207,1,39
,887.654,1890.201,15,39
,664.4301,1893.355,1,39
,467.9821,1896.036,1,39
,511.2745,1896.68,10,39
,1494.844,1905.172,1,39
,610.6253,1906.109,1,39
,909.1909,1912.108,1,39
,1601.036,1913.863,14,39
,430.5635,1910.954,1,39
,1015.849,1920.758,1,39
,1146.115,1926.608,18,39
,1243.379,1932.543,1,39
,415.6704,1944.099,10,39
,532.6959,1947.696,1,39
,863.1506,1950.38,1,39
,458.8884,1951.636,10,39
,757.0211,1953.283,1,39
,655.584,1953.735,1,39
,479.0,1955.146,10,39
,1224.919,1960.282,10,39
,370.0,1960.694,18,39
,424.2768,1963.5,19,39
,327.9172,1981.632,1,39
,1519.395,1986.11,1,39
,702.6792,1993.519,1,39
,1538.382,1998.363,1,39
,764.9433,2009.18,1,39
,280.3333,2015.419,1,39
,652.4828,2015.47,1,39
,1548.443,2019.028,1,39
,1132.926,2023.417,20,39
,787.3622,2029.929,1,39
,931.707,2036.129,1,39
,829.7051,2043.962,1,39
,952.574,2041.242,1,39
,1607.736,9.666667,10,39
,1631.872,45.61521,8,39
,1625.154,68.42424,10,39
,1265.182,204.3811,18,39
,1918.652,505.602,18,39
,111.6419,845.8243,18,39
,603.6018,1149.58,10,39
,1716.846,1777.944,18,39
,1551.303,7.59761,10,39
,1617.561,29.72505,10,39
,648.2951,456.8033,3,39
,1589.527,599.8822,10,39
,835.8219,1056.479,22,39
,1788.392,1112.368,12,39
,1695.778,1200.968,12,39
,1669.925,1315.2,12,39
,936.0753,1406.57,12,39
,607.4759,1714.795,12,39
,909.1836,488.709,16,39
,1353.675,820.9169,16,39
,1222.032,1295.362,16,39
,1069.111,8.701847,0,39
,1971.115,7.105505,0,39
,926.7258,32.66292,9,39
,143.5753,36.83836,1,39
,1996.715,39.11073,16,39
,1963.17,48.95023,16,39
,1894.331,48.96805,8,39
,1027.825,51.88911,8,39
,908.3617,52.56738,9,39
,672.6801,63.36029,11,39
,1982.455,66.01978,23,39
,103.1403,73.11688,0,39
,902.9231,73.54487,9,39
,1864.876,74.41345,7,39
,2012.054,75.84831,16,39
,1986.976,83.64634,16,39
,1930.984,95.30168,21,39
,587.7512,94.97059,11,39
,1083.077,96.70467,0,39
,980.144,97.74,7,39
,740.0317,102.6746,7,39
,245.196,103.2158,0,39
,651.6801,108.5685,7,39
,928.2811,117.3373,11,39
,630.75,123.0338,9,39
,871.0084,123.9367,10,39
,1941.117,129.7626,8,39
,367.6609,133.0115,0,39
,563.5261,137.227,0,39
,1813.288,137.2458,7,39
,1886.649,140.0325,9,39
,645.6732,144.8771,9,39
,433.2545,147.7812,7,39
,592.3768,147.028,11,39
,1167.248,148.9845,8,39
,1974.443,148.8111,16,39
,529.084,154.6437,11,39
,1071.374,160.3805,0,39
,1936.318,172.2309,0,39
,1903.41,174.1725,7,39
,1176.518,180.8908,0,39
,1877.23,182.1859,9,39
,574.8627,183.7041,11,39
,369.8975,188.7131,7,39
,1154.527,190.7253,7,39
,485.516,193.9954,7,39
,414.1242,200.5394,0,39
,1888.534,206.7652,11,39
,1151.232,210.8531,0,39
,1843.451,214.8036,21,39
,1201.779,218.2848,7,39
,1047.536,219.9934,7,39
,427.687,223.633,0,39
,1003.28,226.5804,11,39
,366.4576,233.3612,7,39
,312.3261,238.2717,7,39
,1251.125,243.2915,0,39
,1305.985,245.3898,8,39
,1978.499,248.1019,9,39
,1031.495,249.819,9,39
,1420.459,251.2305,21,39
,276.6258,253.8344,0,39
,1104.247,255.1634,7,39
,198.688,257.4511,11,39
,1218.041,256.6583,7,39
,1817.867,268.0229,11,39
,1126.325,267.7092,7,39
,1259.318,268.8182,7,39
,1927.374,268.1215,11,39
,1300.175,271.0994,9,39
,1077.154,273.1453,7,39
,369.3388,277.6612,15,39
,235.4788,281.8466,0,39
,1033.2,285.92,7,39
,835.135,287.435,3,39
,1962.701,288.4718,9,39
,976.1536,290.9143,11,39
,950.0971,295.2222,16,39
,1171.169,298.4496,8,39
,1827.314,299.7704,9,39
,268.141,301.3279,7,39
,1072.533,302.5708,9,39
,1121.579,302.4143,7,39
,242.5546,310.1561,7,39
,1312.841,312.9903,9,39
,385.5472,314.7358,0,39
,1219.384,314.8226,7,39
,1189.205,317.8734,0,39
,149.9044,319.6838,0,39
,1806.434,320.4265,14,39
,1410.497,321.4075,9,39
,1883.154,319.3805,11,39
,1049.841,324.7191,9,39
,1957.034,325.0016,9,39
,1231.209,328.3023,11,39
,1859.229,328.4251,11,39
,369.6892,330.4343,0,39
,1715.033,332.5,11,39
,1747.751,338.3997,13,39
,411.052,340.461,16,39
,267.4575,342.731,7,39
,956.9606,342.0408,21,39
,1214.029,341.639,11,39
,860.5097,342.8499,9,39
,922.43,345.7874,7,39
,1293.165,345.3254,9,39
,106.7473,346.3694,13,39
,1937.782,344.9909,9,39
,359.6452,349.3978,0,39
,1836.918,351.887,9,39
,1180.433,356.3792,16,39
,1076.55,356.6316,9,39
,248.6484,361.1968,7,39
,1019.394,361.0549,11,39
,1117.498,364.0182,9,39
,2031.711,364.4408,9,39
,948.9499,371.3703,7,39
,897.2017,373.916,11,39
,1495.067,379.4498,9,39
,1644.21,380.4719,15,39
,1056.813,385.6569,11,39
,1900.46,386.0511,9,39
,1157.307,392.3852,3,39
,1704.33,393.3207,16,39
,1754.919,394.6114,23,39
,366.2401,394.1474,0,39
,1116.853,395.6259,11,39
,234.0398,397.2159,15,39
,1090.925,397.5776,12,39
,1274.823,396.8209,9,39
,959.6575,399.5095,9,39
,291.4505,400.4204,14,39
,1485.282,401.1706,9,39
,1320.509,403.6574,16,39
,1597.226,405.5689,18,39
,198.1686,406.7384,11,39
,925.3354,406.9325,11,39
,1015.85,407.6614,11,39
,1046.771,409.85,9,39
,1450.639,410.0498,11,39
,381.4038,409.3636,9,39
,417.512,409.8397,9,39
,845.6857,411.1048,7,39
,1879.436,411.416,9,39
,807.6547,413.0114,16,39
,251.8496,413.0373,18,39
,1366.908,415.5761,9,39
,1629.942,415.4974,7,39
,1265.357,419.202,9,39
,1910.325,418.7887,12,39
,1421.224,421.6422,11,39
,1477.64,424.843,11,39
,1296.261,427.1692,9,39
,1022.94,427.52,11,39
,1439.561,430.1433,11,39
,969.0666,429.6862,11,39
,1396.584,429.3299,9,39
,210.6589,432.7988,14,39
,1733.62,432.5376,9,39
,1888.54,433.5796,9,39
,1072.65,437.697,9,39
,1033.285,442.4824,9,39
,756.7423,446.4291,12,39
,1880.564,447.9098,9,39
,869.5424,452.0932,0,39
,217.1281,453.4438,11,39
,1183.879,453.2617,7,39
,1444.491,452.56,11,39
,290.0566,456.9255,9,39
,923.9819,456.3529,16,39
,1330.195,460.8973,9,39
,1870.239,460.5725,9,39
,367.5992,461.6947,11,39
,175.125,466.1282,11,39
,1534.886,467.7333,16,39
,1043.13,468.6574,9,39
,1616.3,469.0147,16,39
,318.9952,470.7637,9,39
,85.5204,470.9444,7,39
,244.9167,471.619,11,39
,1365.837,472.4457,9,39
,1681.41,476.9895,9,39
,1833.739,476.1663,9,39
,1194.298,478.5568,7,39
,1812.096,478.7126,9,39
,821.0887,483.7167,7,39
,1796.785,486.2813,20,39
,1822.05,486.395,9,39
,715.365,490.9645,14,39
,1028.941,492.2257,11,39
,1054.694,497.3677,9,39
,1471.0,499.6522,11,39
,1811.156,504.4074,11,39
,1789.903,505.517,9,39
,1904.883,508.3128,10,39
,202.1472,507.742,11,39
,828.6338,507.7385,8,39
,1391.508,508.4094,9,39
,1697.042,510.4771,16,39
,601.641,512.0833,9,39
,1672.171,519.1382,14,39
,1953.867,519.5657,16,39
,247.6479,522.9583,12,39
,1462.479,528.1435,11,39
,690.8115,533.9235,11,39
,1480.816,534.4515,12,39
,635.6074,529.8745,11,39
,1402.349,538.2819,13,39
,1010.074,543.2597,21,39
,161.3714,544.412,16,39
,1694.617,546.8264,16,39
,1247.029,550.8855,12,39
,533.289,552.1009,9,39
,917.2686,552.5543,7,39
,1449.068,555.9092,9,39
,1180.618,555.7253,7,39
,1334.957,553.8172,11,39
,1413.934,555.9945,16,39
,1777.996,558.7253,16,39
,1156.753,559.038,7,39
,1052.804,560.5047,9,39
,1217.333,561.6572,16,39
,668.9219,563.0034,11,39
,1688.616,563.6164,16,39
,1314.99,565.0162,11,39
,524.5714,565.4451,9,39
,1830.826,559.9733,7,39
,1114.851,571.7928,9,39
,1645.912,571.784,14,39
,279.7823,571.3741,9,39
,1976.755,574.8495,9,39
,1794.176,575.2486,11,39
,1185.705,581.3952,16,39
,807.9626,580.8879,7,39
,1206.93,583.5,21,39
,1952.121,586.3542,7,39
,255.5417,586.2503,9,39
,1265.827,589.1844,9,39
,1900.776,586.3592,21,39
,1131.726,588.5063,11,39
,1328.847,589.3872,16,39
,1847.601,588.9762,11,39
,640.0343,591.7983,9,39
,1083.492,593.5252,8,39
,223.1943,599.4051,9,39
,1764.588,599.9929,16,39
,1919.853,599.6828,11,39
,384.6111,605.5556,11,39
,1172.315,606.828,16,39
,1022.138,607.6022,21,39
,25.30694,610.5889,8,39
,1280.832,612.1024,0,39
,401.448,612.2309,9,39
,124.1922,613.681,18,39
,566.8173,615.467,9,39
,1715.441,617.0129,14,39
,1329.495,619.7055,8,39
,424.2783,620.6278,9,39
,1860.375,621.2246,11,39
,235.7447,623.9309,9,39
,580.9737,624.2105,9,39
,597.9584,624.7248,9,39
,1195.96,623.2257,15,39
,540.1708,625.5421,9,39
,1353.498,629.4495,11,39
,1823.139,629.1969,11,39
,1937.553,630.5447,12,39
,71.09198,631.2886,11,39
,1961.967,631.5534,7,39
,1090.995,633.3564,21,39
,458.1397,635.838,11,39
,1158.147,636.5649,7,39
,1266.677,638.2215,21,39
,1747.855,639.0171,14,39
,46.6799,640.4913,11,39
,186.2879,641.1215,9,39
,614.1941,644.4613,7,39
,1936.301,646.4104,12,39
,1125.014,647.9604,21,39
,470.9398,648.9759,7,39
,1984.234,650.3831,0,39
,1878.289,653.2255,11,39
,1091.229,655.204,6,39
,1921.767,656.4197,18,39
,179.8136,656.7966,11,39
,456.5652,657.3043,0,39
,1250.124,662.4513,0,39
,1114.221,665.4773,21,39
,1729.05,666.0727,11,39
,1758.034,668.9539,11,39
,1314.262,669.1042,23,39
,2019.518,673.1603,7,39
,1137.47,676.6916,8,39
,1932.746,677.6493,7,39
,1212.74,676.5497,0,39
,1809.243,684.4762,11,39
,52.35057,686.5776,11,39
,1164.019,687.8587,8,39
,1204.417,691.0643,6,39
,130.9225,688.0926,9,39
,86.00588,689.5843,9,39
,510.4776,691.6388,20,39
,1099.529,694.4345,8,39
,1777.941,691.0382,14,39
,1961.139,692.0983,7,39
,1260.456,694.0062,7,39
,484.4167,695.4071,7,39
,877.6319,702.1505,7,39
,438.1972,707.9959,9,39
,1672.141,708.6055,15,39
,519.4743,709.6513,8,39
,14.91316,710.2035,16,39
,1046.234,713.1312,8,39
,550.4211,715.3014,21,39
,2025.609,713.5948,16,39
,458.7215,721.1242,7,39
,1822.402,725.7307,11,39
,1146.108,726.1653,9,39
,31.71646,728.6601,14,39
,1075.935,732.5698,9,39
,1345.233,730.9655,7,39
,1994.361,732.8707,7,39
,185.9554,740.1365,9,39
,1970.659,740.2036,0,39
,1595.263,742.193,7,39
,2029.328,745.0513,12,39
,1250.649,746.6163,8,39
,1177.088,748.4736,8,39
,1844.974,748.0696,11,39
,446.7129,749.6555,7,39
,1115.904,750.6561,8,39
,212.7482,751.3085,9,39
,1611.962,756.8766,7,39
,1635.166,765.1252,8,39
,481.2953,765.6951,7,39
,1805.76,766.6944,11,39
,1151.982,766.6829,8,39
,1913.684,767.6691,11,39
,1941.492,770.5908,9,39
,1200.704,780.1147,7,39
,454.6892,784.2406,15,39
,1096.66,784.1053,8,39
,1253.692,784.7305,13,39
,2019.912,786.5375,7,39
,1884.802,787.3605,21,39
,534.6348,786.9003,0,39
,1273.191,787.0643,7,39
,1859.307,789.8742,11,39
,1167.907,793.9367,8,39
,1822.074,798.0678,11,39
,1759.304,799.8478,14,39
,299.2332,800.0209,9,39
,1913.856,800.335,0,39
,1946.301,800.6774,0,39
,360.883,802.7232,16,39
,1612.659,800.3446,7,39
,2039.68,802.1962,11,39
,1981.553,803.218,7,39
,16.36323,804.9686,11,39
,584.5692,805.6392,12,39
,93.33286,807.7824,12,39
,144.3676,811.2923,11,39
,251.4143,813.1095,0,39
,317.914,814.31,9,39
,1957.055,816.8528,7,39
,337.48,822.26,9,39
,1938.643,825.2652,0,39
,1859.032,828.5853,0,39
,177.7842,829.9536,9,39
,379.17,829.8273,11,39
,1525.909,831.6033,0,39
,1971.588,834.8412,7,39
,474.8374,839.8271,7,39
,318.1911,849.0961,7,39
,1832.301,850.4402,11,39
,1616.368,856.2806,11,39
,1858.933,855.6917,11,39
,1977.168,857.2875,21,39
,403.7746,859.8372,14,39
,1600.787,864.4113,11,39
,114.5744,864.8795,11,39
,1847.389,876.0489,7,39
,1822.68,878.7043,11,39
,327.8333,881.4877,7,39
,103.372,885.4904,11,39
,1922.303,887.3701,11,39
,178.6855,897.4865,14,39
,337.4635,904.1733,16,39
,203.5813,906.6255,0,39
,7.782772,911.0712,7,39
,1988.853,912.0735,0,39
,1881.002,916.894,7,39
,250.5145,926.0032,12,39
,1933.415,920.4464,0,39
,314.8326,929.795,0,39
,30.95634,929.2349,7,39
,2028.917,928.3677,0,39
,220.5531,930.3952,11,39
,113.0717,933.8545,13,39
,284.0744,936.4045,7,39
,343.7344,936.7621,11,39
,1489.508,941.746,7,39
,1994.03,943.7685,0,39
,1968.928,945.7124,0,39
,1499.745,946.0683,7,39
,1817.356,949.1007,9,39
,1904.362,955.3354,11,39
,1148.114,960.4613,7,39
,1494.203,959.7391,9,39
,1998.837,964.3251,0,39
,1099.763,966.0916,16,39
,1850.083,968.9076,0,39
,1932.417,970.6019,7,39
,1873.461,972.6899,0,39
,1906.051,975.9259,11,39
,1167.775,974.9636,8,39
,1925.321,986.2336,0,39
,1219.244,989.5944,7,39
,179.9692,993.755,11,39
,1942.985,1000.549,7,39
,1884.861,1000.382,7,39
,210.5733,1002.858,0,39
,2030.245,1004.288,9,39
,1238.585,1005.048,16,39
,1104.981,1006.3,7,39
,1807.617,1005.398,9,39
,1116.782,1014.426,21,39
,1910.741,1016.203,7,39
,1184.679,1017.81,21,39
,1882.223,1016.708,0,39
,1149.52,1017.383,7,39
,1205.403,1018.938,7,39
,1814.014,1021.864,9,39
,1895.424,1026.365,0,39
,2026.657,1033.92,9,39
,1932.587,1034.742,0,39
,271.9548,1035.937,0,39
,1131.22,1036.111,21,39
,343.2371,1050.808,0,39
,1269.086,1058.766,0,39
,1236.642,1064.012,7,39
,1970.06,1065.422,0,39
,1213.175,1065.233,0,39
,1946.99,1074.098,7,39
,340.0707,1077.781,9,39
,1890.252,1079.902,9,39
,1266.635,1083.722,9,39
,1939.009,1092.68,7,39
,1287.653,1094.986,0,39
,1819.43,1106.517,9,39
,311.6439,1112.03,7,39
,342.2197,1115.216,11,39
,1351.857,1123.556,15,39
,1077.958,1130.579,21,39
,1884.616,1135.686,7,39
,1249.345,1136.36,0,39
,1285.411,1144.037,9,39
,327.2442,1151.937,11,39
,998.2216,1152.152,7,39
,1344.875,1161.781,9,39
,272.1744,1162.592,9,39
,1326.768,1169.815,9,39
,509.3128,1170.315,11,39
,992.9271,1170.59,7,39
,1026.625,1171.439,0,39
,1284.494,1173.733,0,39
,1314.987,1182.297,9,39
,1962.96,1182.437,12,39
,101.8362,1190.856,9,39
,1137.273,1197.627,9,39
,253.8323,1201.729,9,39
,826.5043,1201.402,0,39
,815.4206,1203.631,0,39
,1034.541,1212.549,7,39
,1916.3,1217.137,3,39
,110.1074,1221.273,0,39
,1891.121,1224.0,3,39
,1975.905,1229.205,3,39
,1286.951,1230.733,0,39
,1254.745,1239.046,8,39
,12.92754,1247.034,11,39
,972.8265,1247.466,9,39
,1117.298,1245.873,11,39
,225.7904,1251.758,11,39
,1922.428,1258.015,3,39
,1075.966,1260.989,7,39
,1019.308,1271.279,9,39
,810.6004,1274.194,9,39
,1077.103,1274.108,7,39
,304.0223,1274.379,16,39
,440.0552,1277.771,7,39
,411.8438,1281.005,7,39
,952.8366,1280.751,12,39
,247.8634,1290.229,7,39
,222.4344,1296.967,15,39
,548.3772,1298.273,15,39
,1643.162,1298.308,12,39
,488.0052,1305.226,7,39
,861.4894,1306.035,11,39
,511.9388,1315.328,0,39
,544.2847,1321.62,9,39
,992.8759,1320.262,0,39
,409.0178,1328.036,0,39
,1157.797,1338.242,7,39
,1022.213,1340.795,15,39
,497.7687,1345.746,16,39
,420.0239,1349.758,7,39
,580.2099,1352.333,7,39
,527.9478,1354.766,0,39
,1147.748,1352.74,13,39
,564.16,1356.67,0,39
,267.8917,1358.008,9,39
,588.4963,1367.457,0,39
,937.1126,1370.701,7,39
,782.8162,1386.324,16,39
,238.5092,1389.609,7,39
,454.1638,1396.903,7,39
,577.5574,1396.967,7,39
,800.8697,1401.373,13,39
,280.0388,1425.436,7,39
,565.9479,1428.66,21,39
,257.7535,1431.266,7,39
,303.2139,1438.653,15,39
,406.6048,1455.951,11,39
,341.68,1457.16,7,39
,757.0367,1458.933,11,39
,256.3406,1463.096,15,39
,441.5533,1471.054,11,39
,736.6258,1473.032,7,39
,979.4461,1485.009,11,39
,921.4,1489.703,14,39
,564.3357,1488.399,16,39
,954.4358,1488.974,11,39
,400.2537,1490.863,7,39
,1003.402,1492.839,0,39
,688.0993,1499.57,7,39
,477.675,1499.467,0,39
,726.2672,1502.028,16,39
,548.1803,1507.137,7,39
,656.7507,1508.885,0,39
,1066.8,1508.725,0,39
,1437.974,1517.405,9,39
,434.5092,1525.735,7,39
,966.7574,1525.75,11,39
,1006.188,1531.276,0,39
,1432.254,1534.145,21,39
,1066.954,1536.851,21,39
,1046.658,1538.712,21,39
,604.5509,1547.702,0,39
,929.773,1547.118,11,39
,676.0074,1550.033,16,39
,1026.094,1556.612,1,39
,759.6847,1558.153,9,39
,708.4696,1583.261,11,39
,824.5556,1588.326,0,39
,650.1238,1593.505,7,39
,752.3481,1595.215,12,39
,1268.016,1601.489,7,39
,12.08571,1604.257,0,39
,564.4189,1612.539,0,39
,484.6269,1614.295,0,39
,953.6232,1615.014,0,39
,8.867704,1618.28,0,39
,740.9014,1620.871,0,39
,369.4853,1626.105,11,39
,786.9451,1626.391,16,39
,1683.738,1632.687,2,39
,573.8652,1644.833,0,39
,748.4678,1648.775,7,39
,715.1939,1649.447,9,39
,1418.679,1655.881,11,39
,4.921569,1659.049,0,39
,1526.58,1663.41,11,39
,800.5793,1666.917,7,39
,750.2782,1669.7,7,39
,1636.555,1672.008,3,39
,478.239,1675.928,0,39
,1532.317,1683.715,11,39
,1172.283,1684.775,0,39
,580.2208,1687.848,0,39
,657.2014,1696.701,7,39
,61.78125,1698.176,11,39
,1509.766,1708.453,0,39
,676.0691,1711.297,2,39
,420.4047,1732.755,11,39
,1410.126,1738.306,7,39
,489.4822,1739.91,0,39
,550.6847,1741.261,0,39
,384.2961,1745.259,0,39
,540.8753,1781.242,11,39
,822.0114,1791.091,0,39
,465.2182,1793.168,0,39
,506.6167,1799.713,11,39
,1335.291,1807.011,13,39
,1523.12,1807.961,7,39
,540.6766,1812.276,0,39
,1597.342,1815.538,3,39
,40.84106,1815.94,0,39
,744.1861,1828.447,0,39
,98.67692,1838.954,0,39
,603.1121,1841.54,0,39
,65.37543,1841.57,0,39
,757.1089,1849.554,0,39
,927.0208,1861.208,0,39
,1435.28,1864.605,12,39
,926.129,1884.048,0,39
,753.9881,1890.461,11,39
,771.7143,1894.888,15,39
,1900.063,1902.937,3,39
,1885.89,1909.853,3,39
,790.954,1923.47,11,39
,1889.123,1930.6,2,39
,1732.395,1935.819,10,39
,288.2729,1935.132,11,39
,1151.498,1948.581,0,39
,310.575,1961.779,0,39
,1893.577,1963.137,3,39
,1883.444,1975.833,3,39
,254.5961,1977.516,7,39
,1865.422,1999.344,3,39
,729.1948,2008.597,0,39
,234.0366,2012.171,0,39
,1699.218,2019.297,0,39
,1036.01,2029.99,0,39
,1576.012,2032.378,0,39
,1707.193,2037.671,11,39
,1095.342,2043.111,0,39
,766.5,55.5,18,39
,793.7279,75.45588,3,39
,863.0957,82.82979,2,39
,770.263,87.99791,12,39
,763.3417,109.3,12,39
,849.5421,130.8458,2,39
,2012.835,133.3656,12,39
,745.4444,142.5309,2,39
,727.6909,145.6182,2,39
,800.1649,149.5761,3,39
,846.7655,158.7965,3,39
,858.7891,160.8359,3,39
,661.3226,161.9447,12,39
,756.2191,165.2368,3,39
,782.2735,165.3785,2,39
,863.9485,174.2446,2,39
,802.6218,174.9658,2,39
,896.9283,174.7211,12,39
,734.2138,175.5047,12,39
,723.0204,184.4286,3,39
,671.4108,185.6703,2,39
,708.3923,187.244,2,39
,881.7579,188.9895,12,39
,810.7946,192.5387,2,39
,675.1613,198.5403,2,39
,719.4673,197.785,2,39
,834.5333,198.8476,2,39
,879.1014,204.2367,12,39
,893.4232,204.8551,17,39
,639.9631,210.4124,2,39
,828.1444,224.5889,3,39
,628.6535,227.8535,2,39
,1615.042,231.0368,22,39
,884.0749,232.1672,12,39
,842.0951,234.7213,3,39
,593.2564,235.997,12,39
,2026.252,248.6945,12,39
,622.8129,248.1976,17,39
,572.3083,252.5432,2,39
,817.711,255.2486,2,39
,1380.487,258.048,12,39
,721.9509,261.8528,2,39
,774.3299,262.0928,3,39
,2021.49,267.7181,3,39
,1356.525,270.622,12,39
,791.9181,269.4733,3,39
,977.881,271.0043,3,39
,668.2489,273.2445,2,39
,731.0455,276.8182,3,39
,545.9441,280.0168,17,39
,739.6783,287.9021,3,39
,701.9494,291.6118,17,39
,620.4591,295.1604,17,39
,650.558,295.1304,2,39
,768.0579,293.8223,3,39
,677.8511,294.3723,3,39
,691.7044,304.3907,3,39
,718.0408,304.2602,3,39
,1997.931,307.0761,3,39
,736.3008,308.0469,3,39
,571.9558,312.7811,17,39
,471.9249,316.3584,12,39
,803.232,326.432,2,39
,716.0846,328.7512,17,39
,703.009,331.018,17,39
,794.25,331.2821,2,39
,745.9262,332.7601,3,39
,453.4717,339.7956,12,39
,588.5309,341.9444,17,39
,691.8026,343.6617,2,39
,742.4031,349.2171,3,39
,499.1273,351.2236,17,39
,721.4407,351.8051,17,39
,710.5039,354.2481,2,39
,526.0787,355.7393,3,39
,780.0968,354.9462,12,39
,723.1579,364.488,2,39
,688.8924,364.1116,2,39
,742.7581,365.9731,17,39
,762.9069,367.2655,3,39
,509.8649,369.0242,3,39
,611.0915,376.2298,3,39
,844.2456,375.9557,12,39
,2012.126,379.1062,2,39
,2032.596,382.1576,3,39
,1217.57,383.9375,12,39
,588.6094,384.6094,3,39
,645.7951,391.627,17,39
,502.1359,392.2872,12,39
,661.9021,393.455,17,39
,471.8839,402.4196,2,39
,555.7298,403.9845,17,39
,1244.754,402.3685,3,39
,542.3784,404.7838,17,39
,1547.542,404.9209,12,39
,574.1886,406.2325,17,39
,1669.615,408.6303,8,39
,676.4617,412.3328,18,39
,600.0562,415.7952,3,39
,1189.497,415.5965,16,39
,1234.728,417.6373,3,39
,1990.257,430.473,12,39
,599.5714,432.4381,3,39
,2030.86,439.0795,16,39
,655.0757,439.9794,3,39
,631.9286,440.4048,3,39
,1660.818,442.7848,22,39
,582.9448,446.4862,17,39
,1285.673,448.4737,14,39
,512.8,454.3407,17,39
,464.5758,454.9798,17,39
,605.9714,461.5639,17,39
,1288.758,463.2879,12,39
,577.2011,467.5456,17,39
,1215.852,470.4408,17,39
,1989.296,473.7551,12,39
,628.415,476.5398,12,39
,1282.58,479.4339,17,39
,550.2186,483.7157,12,39
,490.1473,484.9955,17,39
,452.5,490.5,12,39
,503.8465,489.5256,17,39
,1996.057,492.1785,2,39
,1960.764,492.9966,12,39
,578.5294,495.1429,3,39
,1970.737,504.7464,12,39
,2030.007,508.7239,2,39
,1245.12,509.6641,12,39
,75.77564,514.6987,17,39
,1274.141,521.0452,12,39
,355.1538,521.267,12,39
,1255.658,523.6623,12,39
,1228.832,530.3789,12,39
,1941.232,551.2073,3,39
,1591.584,580.0799,10,39
,344.5469,615.1953,17,39
,1919.886,635.9049,12,39
,338.2511,743.858,12,39
,92.16541,752.5883,1,39
,908.1615,799.9245,17,39
,426.627,906.809,12,39
,65.08095,938.9452,12,39
,1259.102,1013.003,12,39
,991.5039,1078.902,12,39
,1025.906,1092.151,12,39
,1943.511,1110.978,12,39
,1923.563,1134.677,12,39
,587.8085,1139.574,10,39
,1845.232,1158.978,3,39
,1910.202,1166.529,3,39
,1817.937,1168.079,17,39
,1796.578,1169.112,17,39
,1772.532,1176.936,3,39
,1813.779,1180.859,17,39
,1788.523,1188.845,3,39
,1888.338,1190.873,3,39
,1917.101,1192.639,1,39
,1697.399,1213.86,12,39
,1836.096,1219.836,3,39
,1772.838,1227.995,2,39
,1753.453,1230.453,3,39
,1945.382,1232.737,3,39
,1160.392,1235.294,12,39
,1693.092,1236.059,12,39
,1177.631,1237.809,12,39
,1912.312,1237.214,3,39
,1865.394,1240.023,3,39
,1750.349,1243.558,3,39
,1819.1,1242.369,17,39
,1848.436,1248.34,17,39
,1775.471,1247.256,18,39
,1880.657,1249.038,3,39
,1973.542,1251.286,12,39
,1686.08,1257.295,12,39
,1745.552,1259.213,3,39
,2018.76,1260.88,3,39
,1713.518,1269.446,3,39
,1878.263,1271.253,17,39
,936.2118,1273.294,12,39
,1766.24,1273.298,3,39
,1864.943,1277.307,17,39
,1679.457,1286.669,2,39
,1874.291,1285.855,17,39
,1857.238,1292.738,3,39
,1911.17,1293.143,3,39
,1986.057,1292.114,17,39
,1714.915,1295.298,3,39
,1665.118,1298.915,3,39
,1813.06,1302.1,2,39
,1681.387,1303.844,17,39
,1895.363,1309.671,17,39
,692.2116,1315.913,19,39
,1827.802,1315.213,3,39
,2029.036,1317.947,17,39
,1681.767,1322.0,12,39
,1904.847,1323.893,17,39
,1873.356,1325.949,3,39
,1665.359,1327.129,12,39
,1960.415,1326.783,2,39
,1697.288,1327.706,3,39
,1845.713,1329.312,3,39
,1620.149,1330.416,12,39
,2025.108,1336.4,17,39
,1897.161,1334.552,17,39
,1836.358,1342.593,17,39
,1865.735,1343.118,3,39
,1651.832,1346.612,19,39
,1806.807,1348.193,2,39
,1691.393,1348.617,3,39
,1677.636,1349.902,3,39
,1762.796,1349.878,17,39
,2020.542,1350.949,17,39
,1779.088,1352.191,17,39
,1208.396,1355.104,10,39
,1925.418,1362.347,2,39
,1952.52,1362.181,3,39
,2004.917,1367.021,18,39
,1681.607,1367.082,3,39
,1774.606,1369.5,17,39
,1073.278,1375.711,12,39
,1797.785,1374.856,17,39
,1768.733,1379.914,3,39
,1923.346,1380.463,3,39
,2010.669,1379.927,17,39
,1100.242,1382.684,15,39
,1907.661,1385.826,3,39
,1642.148,1387.302,3,39
,1661.019,1388.402,3,39
,1783.99,1390.995,17,39
,1758.919,1398.326,3,39
,1650.373,1404.893,16,39
,2006.358,1404.472,17,39
,1768.665,1408.523,3,39
,1993.64,1411.752,17,39
,1032.989,1412.747,12,39
,1644.58,1418.523,16,39
,1892.839,1418.977,2,39
,1613.215,1419.611,12,39
,1955.842,1423.793,3,39
,1927.44,1427.31,2,39
,943.9497,1429.421,12,39
,1989.417,1429.225,3,39
,958.2837,1430.855,12,39
,1951.217,1439.826,3,39
,1706.663,1443.905,2,39
,1845.413,1448.403,3,39
,1884.901,1457.901,17,39
,1783.087,1461.263,2,39
,1955.097,1465.852,2,39
,1813.494,1468.548,20,39
,1932.792,1468.498,3,39
,1839.56,1468.849,3,39
,2024.386,1468.907,2,39
,675.7067,1470.952,12,39
,1866.768,1472.664,3,39
,1694.208,1482.19,2,39
,2020.616,1483.324,17,39
,1639.895,1483.18,3,39
,1932.216,1489.209,3,39
,1651.541,1489.852,17,39
,1681.766,1490.257,2,39
,1725.621,1497.183,3,39
,1754.162,1497.206,2,39
,1869.344,1495.811,2,39
,1626.227,1499.789,17,39
,1643.843,1501.691,17,39
,1742.293,1512.301,3,39
,1645.069,1515.991,2,39
,1666.179,1521.642,2,39
,1896.885,1522.984,2,39
,1600.475,1524.55,3,39
,1612.404,1526.096,17,39
,1735.022,1528.934,3,39
,1844.829,1530.407,3,39
,1985.283,1533.616,2,39
,1867.454,1534.344,3,39
,1839.831,1545.892,3,39
,1756.744,1558.407,2,39
,1861.405,1559.679,3,39
,1833.408,1561.768,3,39
,1765.799,1573.796,2,39
,1468.458,1575.292,12,39
,1816.43,1581.35,2,39
,1854.19,1583.413,3,39
,1797.198,1584.989,3,39
,1684.188,1587.194,2,39
,1923.233,1586.948,2,39
,1799.607,1594.571,3,39
,1743.549,1597.221,2,39
,1828.681,1600.574,3,39
,1359.875,1605.165,15,39
,1772.754,1604.361,2,39
,1684.543,1606.027,2,39
,1635.387,1609.36,12,39
,1758.467,1609.85,3,39
,2024.344,1610.037,3,39
,1955.723,1616.265,3,39
,1669.662,1619.584,3,39
,1851.716,1623.358,3,39
,1996.349,1625.614,3,39
,2030.684,1625.726,3,39
,1944.879,1627.225,3,39
,1973.954,1629.943,3,39
,1791.134,1632.256,17,39
,1817.207,1635.59,2,39
,1840.379,1635.923,2,39
,1925.477,1642.162,2,39
,1995.022,1642.502,3,39
,1836.117,1648.812,2,39
,1750.335,1650.837,2,39
,1691.701,1656.443,17,39
,1975.414,1659.146,3,39
,1761.905,1660.267,3,39
,1992.076,1660.933,2,39
,1881.18,1663.273,3,39
,2024.806,1673.395,3,39
,1969.928,1674.514,3,39
,1844.739,1679.934,3,39
,1694.72,1684.855,2,39
,1738.093,1684.904,17,39
,1761.007,1684.352,3,39
,1652.472,1685.981,3,39
,1834.696,1688.81,3,39
,1878.122,1689.512,2,39
,1992.341,1695.328,3,39
,2022.262,1694.349,3,39
,1845.397,1697.603,3,39
,1732.61,1701.073,3,39
,1765.354,1702.99,3,39
,1720.984,1703.995,2,39
,1974.591,1707.322,3,39
,2006.474,1708.269,3,39
,1656.954,1710.339,12,39
,1698.755,1710.679,2,39
,1933.578,1717.303,3,39
,2031.226,1717.505,3,39
,1771.321,1719.235,17,39
,1788.05,1720.349,3,39
,1726.11,1721.92,3,39
,2015.214,1721.649,3,39
,1666.163,1724.524,3,39
,1551.198,1724.404,12,39
,1828.849,1727.028,3,39
,1846.5,1730.0,3,39
,1817.072,1733.615,3,39
,1883.955,1735.328,17,39
,2027.17,1736.579,2,39
,1802.01,1740.467,3,39
,1563.139,1752.69,2,39
,2006.009,1752.547,3,39
,2024.042,1752.646,2,39
,1862.199,1754.186,17,39
,1901.332,1757.864,3,39
,1762.0,1762.39,3,39
,1801.27,1765.195,3,39
,1667.199,1770.429,18,39
,1896.893,1773.421,3,39
,1842.514,1776.9,3,39
,1704.919,1785.572,18,39
,1739.341,1786.992,3,39
,1666.469,1788.961,12,39
,1985.59,1790.056,3,39
,1786.664,1791.112,3,39
,1827.311,1790.712,3,39
,2001.589,1793.525,3,39
,1727.358,1795.984,3,39
,1846.358,1801.389,2,39
,1675.135,1804.308,3,39
,1963.111,1806.267,3,39
,1690.026,1807.363,18,39
,1831.493,1809.863,3,39
,1996.415,1810.31,3,39
,1137.732,1824.5,1,39
,2006.995,1826.016,3,39
,1705.476,1833.278,18,39
,1836.37,1832.891,3,39
,1887.456,1837.316,17,39
,1957.063,1835.106,3,39
,1794.918,1837.369,2,39
,2007.466,1844.025,3,39
,1840.09,1853.516,3,39
,1783.62,1855.373,18,39
,1798.653,1854.658,3,39
,1854.507,1858.247,3,39
,537.1438,1860.105,2,39
,1793.8,1869.557,3,39
,1936.608,1871.965,3,39
,1994.576,1869.529,3,39
,2014.139,1882.159,3,39
,1979.426,1883.248,3,39
,1714.631,1886.496,17,39
,1796.841,1897.459,2,39
,1922.72,1898.317,17,39
,2006.093,1899.552,2,39
,1856.946,1906.163,2,39
,1823.353,1908.212,3,39
,2027.85,1916.3,17,39
,1740.304,1921.441,10,39
,1809.8,1923.594,3,39
,1911.423,1930.815,2,39
,1753.13,1925.804,10,39
,1795.842,1931.744,3,39
,1817.33,1938.194,3,39
,1762.941,1939.468,3,39
,1984.017,1950.727,2,39
,1749.322,1959.095,2,39
,1796.169,1965.46,13,39
,1767.922,1968.396,3,39
,1821.008,1968.197,17,39
,1978.768,1969.111,20,39
,1847.5,1971.5,2,39
,1743.14,1976.235,3,39
,1865.444,1977.457,3,39
,1762.529,1983.319,3,39
,1975.534,1985.753,3,39
,1825.47,1987.2,17,39
,1994.651,1996.046,2,39
,1762.931,1996.863,3,39
,1823.448,2002.287,3,39
,1967.435,2012.937,2,39
,1797.665,2014.454,3,39
,1820.608,2034.546,17,39
,1779.642,2040.05,3,39
,1846.052,2041.545,17,39
,1199.953,8.508418,16,39
,1355.449,10.2399,4,39
,1922.205,17.19881,12,39
,1576.409,28.52754,10,39
,1244.346,30.62536,4,39
,1596.783,33.12545,10,39
,1334.843,34.87349,4,39
,1372.0,36.31461,4,39
,1341.569,53.44633,16,39
,1212.85,53.95413,4,39
,1668.338,66.54545,4,39
,1584.679,89.15311,4,39
,1668.0,106.5106,16,39
,1540.986,109.1222,4,39
,1565.728,113.5605,4,39
,1504.511,134.5271,4,39
,1560.262,138.471,19,39
,1525.676,161.6622,4,39
,1581.669,215.368,16,39
,1571.466,276.9741,16,39
,1557.739,293.0762,16,39
,1533.19,317.7467,16,39
,898.747,475.3333,16,39
,290.7174,587.618,16,39
,357.7639,601.4077,19,39
,760.7348,704.6336,16,39
,745.2799,715.0956,16,39
,774.8067,716.8867,13,39
,1698.082,723.245,4,39
,764.9472,731.166,16,39
,683.3925,777.3215,16,39
,677.8608,797.0169,16,39
,733.0445,829.3093,16,39
,711.2361,831.8681,16,39
,946.4732,842.4414,19,39
,1289.67,844.4472,4,39
,734.5848,845.9862,16,39
,710.8408,847.698,16,39
,770.7492,851.3894,16,39
,933.0479,858.0896,4,39
,720.1157,862.3591,16,39
,959.8677,866.0891,4,39
,995.1692,869.0113,4,39
,1340.341,869.1591,13,39
,1089.958,875.7054,4,39
,735.4604,877.1698,16,39
,1182.482,878.1148,4,39
,1249.743,881.0651,4,39
,1230.083,889.4341,4,39
,1037.533,908.3867,16,39
,1338.941,920.3575,16,39
,1127.708,922.5403,4,39
,1185.82,923.9074,16,39
,1268.504,924.8348,4,39
,1320.16,925.1489,16,39
,1305.233,929.2754,16,39
,936.8619,934.3849,4,39
,948.72,937.624,4,39
,1033.0,948.2247,16,39
,1293.754,950.4768,4,39
,932.75,970.0962,4,39
,1047.791,970.3135,16,39
,672.9482,977.4939,4,39
,1098.837,980.0112,16,39
,1032.394,981.5,16,39
,929.957,983.2796,4,39
,1080.209,992.5545,16,39
,1049.156,995.3369,16,39
,672.582,997.8443,4,39
,547.8041,1002.586,16,39
,720.3168,1059.426,4,39
,731.831,1090.099,4,39
,2023.536,1122.792,4,39
,769.3193,1123.151,16,39
,750.1252,1155.611,16,39
,633.3599,1207.233,16,39
,760.2857,1218.746,4,39
,742.3453,1232.606,4,39
,1208.584,1284.084,16,39
,1238.28,1292.447,16,39
,102.2269,1292.475,16,39
,666.528,1315.379,4,39
,1246.987,1314.301,4,39
,651.1398,1316.991,16,39
,650.6118,1336.219,16,39
,641.6043,1378.525,16,39
,617.4217,1407.09,16,39
,113.9013,1457.546,4,39
,181.583,1588.492,16,39
,136.2401,1746.896,16,39
,1067.133,1833.732,16,39
,1531.681,1951.847,16,39
,812.8668,70.12921,2,39
,759.2868,141.3472,2,39
,864.0408,187.6837,2,39
,851.4165,196.2193,2,39
,685.1824,208.3588,2,39
,618.7614,210.6548,2,39
,707.849,209.1633,2,39
,765.1477,214.8234,2,39
,751.9556,215.0519,2,39
,812.5685,214.4484,2,39
,736.6011,217.9972,2,39
,789.4553,218.8699,2,39
,658.4759,219.759,2,39
,757.134,238.2157,2,39
,653.2264,271.9838,17,39
,454.2172,273.5738,2,39
,561.683,272.7723,2,39
,445.7987,283.4935,2,39
,494.1103,286.0,2,39
,560.9228,291.302,2,39
,639.3469,295.1939,2,39
,1981.911,304.0813,2,39
,815.2511,311.0701,2,39
,626.8819,319.0709,2,39
,1983.718,329.6919,2,39
,559.7812,328.4844,2,39
,1977.364,352.6739,2,39
,2005.917,352.5513,2,39
,1967.431,366.8931,2,39
,536.4,393.4727,17,39
,702.7299,397.6058,2,39
,705.3367,414.6327,2,39
,1947.152,415.9379,2,39
,1935.647,434.2758,2,39
,1957.638,451.1347,2,39
,1373.056,457.2849,2,39
,2020.827,488.3654,2,39
,532.4317,505.3309,2,39
,403.9733,720.7748,2,39
,542.75,865.7,2,39
,1819.115,1079.573,2,39
,1892.959,1164.336,2,39
,1821.625,1196.424,2,39
,1796.289,1200.685,2,39
,1809.867,1215.167,2,39
,1787.985,1221.472,2,39
,1807.24,1239.642,17,39
,1729.641,1264.606,2,39
,1945.11,1263.356,2,39
,1932.27,1285.472,2,39
,1706.365,1308.968,2,39
,1932.259,1311.528,2,39
,1980.0,1312.865,2,39
,1796.878,1323.424,2,39
,1919.246,1340.556,2,39
,1717.609,1369.661,2,39
,1730.287,1376.8,2,39
,1739.56,1383.119,2,39
,1979.046,1384.75,2,39
,1704.885,1384.536,2,39
,1726.007,1387.809,2,39
,1684.739,1394.577,2,39
,1720.096,1400.514,2,39
,1708.199,1405.361,2,39
,1872.927,1411.28,2,39
,1672.414,1412.175,2,39
,1728.281,1418.447,2,39
,1882.398,1425.885,2,39
,1662.021,1428.407,2,39
,1693.941,1429.569,2,39
,1753.095,1437.751,2,39
,1824.831,1441.776,2,39
,1728.081,1444.228,2,39
,1922.384,1447.564,2,39
,1681.978,1448.252,2,39
,1660.009,1448.825,2,39
,1802.201,1449.993,2,39
,1695.1,1453.347,2,39
,1712.593,1455.626,2,39
,1753.566,1459.312,2,39
,1991.646,1459.57,2,39
,1651.757,1466.667,2,39
,1765.6,1466.744,2,39
,1948.191,1480.395,2,39
,1777.604,1483.267,2,39
,1796.862,1486.117,2,39
,1886.894,1493.079,2,39
,2017.225,1495.105,17,39
,2028.024,1502.441,2,39
,1689.732,1503.209,2,39
,1976.068,1503.258,2,39
,2002.751,1508.968,2,39
,1676.128,1511.839,2,39
,1619.545,1517.198,2,39
,2014.369,1521.837,2,39
,1628.287,1528.543,2,39
,1682.757,1530.275,2,39
,2029.719,1529.669,2,39
,1647.1,1531.675,2,39
,1962.326,1540.983,2,39
,1753.362,1540.842,2,39
,1619.75,1542.797,2,39
,1654.047,1546.297,2,39
,1920.218,1547.552,2,39
,1675.405,1555.156,2,39
,1646.953,1567.155,2,39
,1962.18,1566.964,2,39
,1983.523,1591.223,2,39
,1877.195,1592.714,2,39
,1782.123,1600.946,2,39
,1745.532,1613.174,2,39
,1706.675,1616.233,2,39
,1735.606,1621.285,2,39
,1757.36,1632.68,2,39
,1862.014,1637.417,2,39
,1717.171,1641.532,2,39
,1849.91,1652.242,2,39
,1723.407,1661.359,2,39
,1553.839,1694.925,2,39
,1747.958,1720.819,2,39
,1929.346,1750.773,2,39
,1693.591,1787.305,2,39
,1764.016,1793.319,2,39
,1749.312,1798.67,2,39
,1947.837,1845.233,2,39
,1750.336,1850.888,2,39
,1980.946,1926.903,2,39
,1936.494,1938.473,2,39
,1929.788,1977.671,2,39
,1947.954,1988.942,2,39
,1913.08,2006.223,2,39
,1949.988,2010.509,2,39
,1839.43,2018.608,2,39
,1954.823,2026.339,2,39
,1872.222,2044.074,2,39
,785.1543,12.81117,2,39
,828.6895,167.9715,17,39
,772.4891,195.3625,2,39
,733.7867,256.21,2,39
,592.2102,266.6051,17,39
,1012.305,272.8474,2,39
,634.5036,277.2906,17,39
,583.1214,281.4856,17,39
,1983.438,291.4179,2,39
,420.7292,296.9196,2,39
,589.0155,299.9793,17,39
,605.45,331.4708,2,39
,1152.03,340.4769,2,39
,707.7172,371.5364,2,39
,538.4966,377.4027,20,39
,1984.612,379.2121,2,39
,1143.679,421.4872,2,39
,340.6569,633.5839,2,39
,1723.607,1287.572,17,39
,1691.976,1671.779,2,39
,1708.963,1684.875,2,39
,751.0785,1740.639,2,39
,1907.362,1974.092,2,39
,875.1183,91.51157,18,39
,523.6959,327.9379,18,39
,568.6801,425.8644,18,39
,487.4512,441.8568,18,39
,1996.535,457.6525,18,39
,67.11278,551.0602,18,39
,1006.782,1019.149,18,39
,1770.452,1259.15,18,39
,1711.646,1426.559,18,39
,1698.923,1547.872,18,39
,1664.86,1824.774,18,39
,1854.716,1880.165,18,39
,1017.586,6.609302,0,39
,764.4421,8.37092,5,39
,1896.757,11.6868,8,39
,224.3333,13.11673,6,39
,511.8527,13.79253,6,39
,457.224,14.96072,8,39
,578.5449,14.42857,0,39
,1858.251,15.11169,9,39
,1812.966,18.30741,8,39
,734.7333,17.67273,9,39
,1100.848,19.64614,0,39
,1782.858,29.16183,6,39
,1444.424,29.77023,4,39
,503.8,34.8,1,39
,258.0604,37.22009,6,39
,429.0928,35.9136,6,39
,643.6294,38.53082,11,39
,571.4773,40.13211,8,39
,1837.799,38.84832,6,39
,469.0555,45.76049,6,39
,1065.354,45.12114,8,39
,304.6398,52.87406,6,39
,387.3356,51.80623,0,39
,949.1462,52.57373,7,39
,1114.463,53.47786,0,39
,1772.31,53.67062,6,39
,149.1952,60.9165,6,39
,340.8351,65.20877,6,39
,612.137,64.96787,11,39
,1387.201,65.17708,4,39
,866.9489,69.26383,10,39
,922.2963,67.77208,9,39
,119.1934,75.66423,0,39
,848.7515,79.55031,17,39
,224.6912,84.92017,0,39
,1779.35,84.00783,6,39
,162.2322,87.79707,6,39
,515.5081,88.64324,0,39
,946.6188,90.36549,11,39
,328.5136,96.21575,6,39
,272.1556,96.97082,0,39
,385.3983,101.1716,0,39
,197.1288,103.4504,6,39
,1765.806,109.5968,6,39
,442.0069,107.3979,0,39
,61.33421,115.5789,1,39
,1804.306,110.6254,6,39
,885.5551,112.3258,3,39
,145.2741,120.0492,6,39
,525.2209,119.8404,8,39
,1155.22,118.1943,8,39
,246.3567,121.4094,12,39
,1282.866,120.1247,6,39
,1352.987,123.3157,8,39
,1739.343,130.0036,8,39
,969.0691,129.2391,7,39
,1264.773,133.2387,6,39
,1780.558,137.3759,6,39
,202.5868,142.3992,20,39
,470.2244,142.5707,11,39
,942.1319,141.8156,11,39
,1371.198,143.0539,1,39
,288.8261,144.6558,22,39
,1280.851,154.6485,8,39
,179.1919,162.321,6,39
,1748.541,165.7424,8,39
,1145.3,168.4639,0,39
,1381.228,165.4868,23,39
,1836.755,166.7119,23,39
,1342.229,169.876,18,39
,1305.372,174.5774,6,39
,1261.523,175.8325,0,39
,1437.746,178.3666,10,39
,1090.942,177.9057,0,39
,1702.496,183.7984,8,39
,459.3638,186.1146,8,39
,1025.921,184.6142,0,39
,1287.082,184.9472,8,39
,194.4864,188.4548,6,39
,240.3616,190.1041,12,39
,134.7471,193.1194,0,39
,1382.075,194.3819,6,39
,90.0007,198.6641,6,39
,1514.665,199.2573,9,39
,1472.643,206.1725,6,39
,1782.789,209.9406,6,39
,1810.913,211.2111,8,39
,268.8185,214.123,7,39
,447.8639,210.7634,7,39
,515.9332,213.5557,7,39
,202.1422,216.6714,6,39
,1328.188,219.2078,6,39
,474.6134,225.2544,0,39
,28.89504,225.1679,6,39
,108.9377,229.604,6,39
,1704.542,237.9522,8,39
,186.5378,238.2717,0,39
,331.917,241.5609,0,39
,134.7937,244.4269,6,39
,391.98,245.8126,0,39
,444.5206,244.6003,0,39
,1487.088,250.2621,20,39
,1651.783,252.6048,6,39
,1696.003,253.8678,6,39
,1634.08,270.4163,8,39
,119.8389,271.6016,6,39
,1697.622,274.0651,11,39
,2041.468,275.0862,13,39
,5.310345,282.5575,6,39
,173.9398,286.7998,6,39
,40.59044,293.2066,21,39
,1762.684,292.0074,11,39
,1659.16,297.3355,8,39
,94.71381,304.4892,13,39
,1637.1,314.1803,8,39
,163.0199,315.8239,1,39
,317.1866,316.8519,11,39
,1569.286,319.9743,16,39
,974.6348,325.397,7,39
,1608.044,325.3642,8,39
,1548.615,327.2939,16,39
,31.18132,334.3382,6,39
,79.72057,340.3439,0,39
,899.0682,338.4731,11,39
,155.6196,345.2587,0,39
,1645.629,347.5533,8,39
,1683.461,344.3297,0,39
,2041.23,349.9212,9,39
,4.557292,353.4219,11,39
,985.2178,356.9837,0,39
,1315.027,360.3155,9,39
,1700.404,362.7049,11,39
,1257.629,362.8606,11,39
,396.049,363.3184,12,39
,1597.233,364.3203,8,39
,70.79261,366.2462,0,39
,1206.497,366.5,16,39
,171.8423,374.1479,7,39
,396.7392,385.0449,12,39
,83.75689,399.6548,8,39
,1520.217,399.1222,11,39
,128.6021,405.1725,0,39
,777.0627,406.8096,12,39
,483.9355,421.3484,12,39
,833.6721,433.3302,7,39
,1560.347,434.8763,16,39
,991.0579,442.3596,8,39
,882.2484,443.2159,7,39
,55.39375,459.0092,8,39
,967.7743,458.4492,8,39
,113.2357,461.3238,6,39
,401.4471,461.0483,12,39
,879.9867,464.3467,21,39
,677.5944,479.5522,8,39
,752.862,487.517,9,39
,622.8257,500.6599,0,39
,6.372294,507.7468,6,39
,1001.257,506.7188,8,39
,2043.421,507.2389,6,39
,122.4332,521.2609,11,39
,58.75702,523.9884,12,39
,28.57474,534.1616,6,39
,830.6537,541.6177,23,39
,86.64333,564.8129,14,39
,46.35549,568.9204,18,39
,546.6966,572.3708,11,39
,746.0274,575.7671,6,39
,2031.284,574.3209,22,39
,122.1916,579.1175,11,39
,2005.296,584.5994,7,39
,112.6642,595.4075,18,39
,773.6761,594.077,6,39
,923.3416,602.3637,7,39
,876.3992,609.6493,8,39
,439.2324,611.6324,14,39
,706.6286,612.0143,6,39
,1134.384,616.4175,7,39
,727.4226,618.7155,1,39
,1014.695,624.5043,21,39
,838.8121,626.3273,1,39
,6.606357,627.8435,6,39
,367.7834,629.7507,11,39
,986.5333,630.804,8,39
,687.9222,631.3503,1,39
,1384.722,633.3655,0,39
,2040.525,632.6148,0,39
,21.36464,633.5856,11,39
,951.3216,637.1821,6,39
,824.3078,641.0876,8,39
,1669.667,642.6856,7,39
,861.2745,644.105,6,39
,661.2783,643.2449,8,39
,1027.49,648.2286,8,39
,803.0302,651.0121,1,39
,1698.54,654.0025,0,39
,902.4098,657.5195,8,39
,36.73279,659.6538,11,39
,1058.372,661.4899,8,39
,945.7448,663.1862,6,39
,608.4682,666.3721,7,39
,564.2003,675.0795,6,39
,974.0047,674.5653,8,39
,803.8263,678.6118,13,39
,327.4434,680.914,9,39
,853.9886,680.7582,21,39
,626.686,691.5036,15,39
,1234.463,695.8064,8,39
,106.8013,701.7038,9,39
,995.8763,711.4194,15,39
,291.68,716.66,1,39
,905.608,718.929,1,39
,842.446,721.292,20,39
,1601.638,723.2687,11,39
,1220.856,729.9602,8,39
,1634.931,733.4917,8,39
,1028.401,737.186,7,39
,892.5473,736.1923,8,39
,145.0828,743.8514,11,39
,922.3801,743.0993,6,39
,966.3192,744.9308,8,39
,994.1946,753.2049,6,39
,1047.576,755.8156,8,39
,1756.165,759.2504,11,39
,1660.86,763.3968,7,39
,970.6776,766.5921,8,39
,1335.185,766.141,23,39
,1738.064,781.5517,12,39
,56.73512,787.4552,0,39
,1679.742,783.8125,14,39
,1033.45,791.5503,8,39
,1714.229,800.0996,7,39
,999.4582,795.3964,6,39
,1144.275,803.2115,8,39
,1166.735,817.8813,1,39
,1647.718,816.4181,11,39
,48.68647,821.1214,11,39
,80.47755,824.8735,11,39
,274.8422,825.4036,0,39
,1896.072,842.8435,8,39
,523.4394,842.8761,21,39
,552.1823,847.7949,1,39
,1149.916,851.3407,6,39
,569.582,859.1665,6,39
,380.2583,860.532,12,39
,256.0522,862.0018,6,39
,1880.881,864.7118,11,39
,2003.351,875.0,7,39
,2041.491,876.0947,0,39
,10.63869,879.9716,11,39
,1584.809,881.0106,11,39
,475.5849,893.7987,14,39
,446.5257,897.1465,12,39
,547.2384,895.9476,6,39
,594.2308,898.7436,6,39
,2039.428,898.9117,0,39
,68.61211,901.6527,11,39
,359.6525,906.5254,0,39
,471.0321,904.7404,0,39
,2012.167,914.9648,0,39
,468.9767,922.9154,6,39
,527.5074,925.7123,6,39
,1156.317,938.7633,7,39
,373.4348,940.1166,0,39
,559.6504,943.9858,13,39
,415.7795,955.8555,14,39
,288.5872,968.4309,7,39
,106.8333,972.6702,0,39
,248.7838,998.7296,7,39
,298.2633,1011.573,11,39
,1095.188,1018.623,8,39
,1996.397,1014.697,9,39
,193.36,1038.872,7,39
,216.0349,1040.674,6,39
,1174.101,1047.032,0,39
,1290.23,1052.776,0,39
,498.4961,1060.472,11,39
,906.472,1065.534,6,39
,412.4048,1068.344,14,39
,463.0232,1070.88,14,39
,535.0599,1071.852,14,39
,1133.581,1072.408,8,39
,1744.831,1076.729,11,39
,516.0304,1078.538,20,39
,1965.13,1078.06,1,39
,968.5036,1087.924,11,39
,159.0,1092.613,11,39
,191.2557,1100.79,6,39
,416.3106,1096.512,13,39
,1179.783,1102.935,7,39
,2001.407,1103.809,6,39
,551.7506,1107.228,8,39
,269.857,1111.341,0,39
,1024.663,1114.831,7,39
,859.2474,1116.78,21,39
,1151.459,1117.664,8,39
,935.6786,1117.399,6,39
,173.0944,1117.885,12,39
,220.7871,1118.113,0,39
,901.5824,1117.799,6,39
,1211.007,1128.145,0,39
,1062.386,1130.28,0,39
,300.5704,1132.75,14,39
,1160.813,1133.354,8,39
,841.6592,1133.67,7,39
,2011.163,1140.592,9,39
,386.8644,1141.495,13,39
,838.4746,1150.636,21,39
,952.9799,1150.895,21,39
,1312.733,1154.827,11,39
,1222.991,1159.182,11,39
,1744.657,1159.259,3,39
,841.2244,1164.849,21,39
,1068.474,1165.956,8,39
,461.7141,1169.714,11,39
,826.3608,1178.232,6,39
,870.1745,1183.345,6,39
,1211.632,1186.864,14,39
,14.07304,1198.012,11,39
,447.6484,1203.188,14,39
,1101.722,1203.513,9,39
,890.9299,1203.704,6,39
,167.3347,1205.122,9,39
,1215.642,1213.138,7,39
,394.306,1220.519,14,39
,529.9583,1224.05,8,39
,495.755,1230.404,23,39
,819.3367,1231.367,0,39
,1058.53,1238.74,21,39
,1218.931,1243.144,7,39
,87.56383,1243.827,12,39
,582.1338,1246.366,6,39
,843.8522,1245.344,11,39
,508.9561,1255.233,23,39
,560.5558,1254.965,8,39
,1852.043,1270.559,3,39
,37.84116,1271.271,8,39
,531.6347,1275.048,0,39
,207.0993,1276.902,6,39
,2039.821,1282.333,11,39
,606.0237,1282.707,6,39
,987.7584,1284.772,8,39
,1168.835,1290.096,0,39
,340.996,1293.16,11,39
,203.0826,1299.054,6,39
,565.1952,1301.948,15,39
,797.9663,1304.516,6,39
,16.23498,1317.751,6,39
,561.3121,1317.287,0,39
,1169.736,1322.556,7,39
,217.8957,1325.477,6,39
,1111.621,1327.129,9,39
,43.94378,1328.648,6,39
,254.9699,1328.238,7,39
,386.9833,1333.023,0,39
,448.0525,1330.173,0,39
,764.2625,1333.497,6,39
,1045.86,1339.056,8,39
,926.7346,1342.691,11,39
,2041.636,1350.549,6,39
,206.3841,1352.984,6,39
,9.578947,1357.124,6,39
,871.2327,1358.181,8,39
,1147.429,1370.915,6,39
,556.675,1374.568,0,39
,615.2175,1374.251,5,39
,726.3932,1375.704,21,39
,216.9614,1380.169,7,39
,752.5426,1379.073,21,39
,926.0033,1379.895,0,39
,956.2774,1379.476,14,39
,975.2411,1382.042,14,39
,852.6062,1383.307,6,39
,675.7737,1385.213,8,39
,283.793,1392.558,7,39
,19.83372,1398.862,0,39
,544.1037,1398.305,0,39
,1098.691,1398.901,21,39
,187.5883,1403.687,6,39
,715.342,1403.57,7,39
,370.5133,1407.66,11,39
,764.3382,1415.314,16,39
,510.2824,1422.982,0,39
,229.7824,1423.35,7,39
,651.3517,1425.853,6,39
,682.6525,1434.203,6,39
,1038.212,1441.2,21,39
,881.1413,1447.156,11,39
,1006.12,1448.148,0,39
,16.93425,1463.46,19,39
,635.1332,1462.336,7,39
,278.8662,1465.34,7,39
,1099.657,1466.71,7,39
,313.119,1467.948,7,39
,1079.898,1472.962,0,39
,358.3505,1474.836,7,39
,771.7651,1479.971,11,39
,675.2733,1483.596,12,39
,1065.987,1486.598,0,39
,236.1324,1496.286,6,39
,799.6095,1499.28,11,39
,346.0126,1505.249,8,39
,581.7634,1521.213,7,39
,100.8071,1528.172,18,39
,276.7373,1530.068,0,39
,407.7215,1536.076,7,39
,380.3729,1540.934,8,39
,424.1352,1542.599,0,39
,1452.744,1541.978,9,39
,525.1903,1548.629,0,39
,339.3793,1552.821,7,39
,1154.29,1556.452,21,39
,1428.962,1554.478,12,39
,284.1529,1556.835,6,39
,306.6339,1561.966,7,39
,1096.472,1564.938,7,39
,412.6241,1566.501,7,39
,1057.092,1571.592,6,39
,1133.258,1575.05,6,39
,65.53671,1586.775,1,39
,91.37236,1586.018,6,39
,289.5548,1587.091,6,39
,344.9924,1590.953,8,39
,376.6963,1591.05,8,39
,1160.896,1590.503,0,39
,1360.837,1589.64,6,39
,998.3654,1592.317,6,39
,312.033,1594.059,6,39
,450.774,1593.986,7,39
,249.4833,1599.656,6,39
,641.0,1606.7,0,39
,1432.827,1609.283,0,39
,1136.0,1610.024,6,39
,1088.25,1611.728,6,39
,135.1078,1617.958,6,39
,1197.68,1617.38,19,39
,62.74176,1617.344,6,39
,627.6954,1620.755,0,39
,931.0569,1619.713,1,39
,1173.021,1619.639,8,39
,315.2606,1619.995,6,39
,227.1742,1623.837,6,39
,888.8959,1623.584,6,39
,110.6559,1625.314,6,39
,25.06409,1628.477,7,39
,914.5045,1626.441,6,39
,268.9591,1628.406,6,39
,1265.956,1630.104,0,39
,295.9501,1634.776,10,39
,1437.222,1633.215,6,39
,852.7121,1640.763,0,39
,646.0,1641.048,0,39
,1111.317,1641.925,6,39
,73.74773,1643.299,6,39
,1289.11,1643.731,7,39
,341.5564,1645.016,0,39
,505.5929,1645.909,11,39
,1382.662,1646.523,11,39
,196.55,1650.196,6,39
,408.8567,1652.44,7,39
,358.9507,1654.729,0,39
,444.5139,1659.506,0,39
,1208.201,1658.189,13,39
,1321.728,1658.93,6,39
,1094.923,1659.198,6,39
,298.23,1660.582,10,39
,849.5757,1660.687,0,39
,948.0811,1661.073,6,39
,1475.246,1660.757,10,39
,1499.708,1662.158,0,39
,270.745,1664.953,0,39
,1228.917,1664.211,21,39
,637.3421,1667.243,1,39
,1171.454,1666.855,0,39
,1139.98,1668.272,6,39
,1449.19,1673.029,8,39
,1353.775,1670.778,0,39
,1310.855,1674.431,0,39
,56.13824,1676.369,12,39
,342.4135,1678.636,6,39
,117.9955,1678.937,6,39
,409.4471,1682.033,0,39
,188.7346,1682.72,6,39
,265.3654,1683.763,0,39
,20.90369,1685.042,7,39
,368.4731,1686.129,6,39
,960.5533,1684.012,11,39
,1340.77,1688.505,6,39
,857.4401,1689.393,0,39
,1119.521,1694.948,1,39
,1491.335,1694.167,0,39
,733.6281,1697.588,7,39
,160.1034,1699.499,6,39
,920.516,1698.94,6,39
,1258.833,1703.562,6,39
,1449.601,1705.648,7,39
,1324.801,1707.513,21,39
,1145.175,1710.604,1,39
,890.6548,1712.69,0,39
,940.1332,1713.572,0,39
,235.4358,1714.312,0,39
,800.0867,1715.83,0,39
,868.482,1718.03,0,39
,1074.705,1724.332,4,39
,966.9486,1723.302,6,39
,1200.174,1725.824,13,39
,462.6702,1730.884,21,39
,1290.846,1728.974,6,39
,318.4857,1737.551,6,39
,439.5446,1739.634,0,39
,1231.514,1739.694,0,39
,936.8007,1743.581,7,39
,1310.13,1745.158,6,39
,1499.938,1744.692,6,39
,775.06,1748.694,0,39
,850.3407,1749.107,0,39
,1336.563,1750.628,6,39
,1177.747,1754.51,21,39
,445.9654,1763.184,0,39
,263.2737,1764.944,11,39
,302.5563,1770.351,6,39
,1346.588,1770.016,0,39
,205.4503,1774.853,8,39
,654.2684,1777.905,11,39
,712.3212,1779.277,12,39
,771.7422,1777.783,0,39
,1200.089,1781.281,6,39
,907.6128,1790.785,7,39
,1215.96,1788.365,6,39
,873.7493,1791.13,6,39
,1441.446,1791.465,6,39
,176.4087,1798.028,6,39
,20.92653,1799.249,15,39
,124.3966,1801.364,1,39
,323.426,1801.117,0,39
,1470.366,1802.256,6,39
,290.64,1802.302,6,39
,224.5476,1806.898,0,39
,929.7787,1806.99,8,39
,105.4041,1815.462,0,39
,187.8857,1816.291,6,39
,1369.324,1813.798,8,39
,1564.899,1817.147,0,39
,379.6866,1820.135,12,39
,64.05025,1822.299,0,39
,1347.848,1821.793,6,39
,696.3602,1823.781,6,39
,1874.347,1823.399,3,39
,633.2027,1824.007,0,39
,20.63608,1828.096,0,39
,550.004,1830.701,0,39
,436.1584,1832.816,14,39
,205.4435,1837.838,6,39
,1370.31,1840.833,6,39
,1491.581,1839.373,7,39
,715.9386,1840.765,0,39
,401.9656,1841.958,11,39
,897.1212,1843.381,0,39
,1525.66,1843.241,7,39
,238.9379,1849.071,7,39
,1032.534,1852.469,6,39
,664.5267,1846.88,0,39
,822.9787,1853.582,11,39
,107.7443,1856.951,7,39
,1009.919,1862.799,6,39
,210.2346,1867.139,6,39
,612.3667,1873.461,14,39
,970.5352,1873.835,8,39
,901.4634,1874.164,0,39
,585.6434,1878.096,6,39
,1390.82,1879.821,8,39
,1506.152,1879.229,6,39
,267.954,1880.843,13,39
,2039.581,1883.27,1,39
,855.2357,1889.244,0,39
,946.4682,1890.377,0,39
,1418.416,1893.689,0,39
,1028.191,1895.858,6,39
,1298.704,1902.182,8,39
,62.60082,1905.811,0,39
,1272.439,1908.018,6,39
,1253.061,1910.228,6,39
,692.7013,1913.95,11,39
,933.2761,1914.581,6,39
,198.3501,1915.164,6,39
,228.9616,1914.219,6,39
,273.2735,1916.044,11,39
,1436.415,1923.789,0,39
,1292.514,1927.18,6,39
,1320.816,1929.313,6,39
,1461.751,1930.974,7,39
,1355.54,1929.74,6,39
,1541.26,1937.474,14,39
,675.9192,1938.594,11,39
,1403.818,1936.289,21,39
,588.6371,1941.975,18,39
,1263.111,1941.856,1,39
,326.691,1941.552,0,39
,1117.859,1943.597,0,39
,825.0348,1947.008,0,39
,57.49618,1950.611,0,39
,210.1464,1951.286,13,39
,783.3401,1954.231,0,39
,998.2145,1954.302,8,39
,143.2705,1958.055,1,39
,1388.303,1957.959,6,39
,343.125,1960.039,13,39
,952.9822,1963.596,8,39
,1266.842,1966.744,6,39
,797.2043,1968.466,0,39
,1371.917,1970.663,6,39
,712.4725,1970.555,0,39
,880.5306,1971.282,0,39
,1159.532,1975.152,0,39
,396.8732,1976.725,11,39
,1682.674,1979.337,7,39
,1104.374,1984.723,6,39
,202.3489,1987.31,0,39
,1489.802,1992.541,6,39
,652.2993,1994.466,6,39
,800.9747,1995.058,0,39
,1237.224,1994.882,6,39
,315.0856,1996.299,0,39
,1184.652,1996.137,1,39
,1367.252,1996.152,0,39
,1127.883,1998.175,0,39
,1295.144,1998.325,6,39
,1462.741,1996.908,1,39
,1647.344,1997.741,0,39
,1623.213,1999.587,0,39
,920.1116,2003.288,0,39
,342.4973,2008.114,18,39
,1165.127,2011.023,8,39
,1333.889,2012.779,7,39
,1588.695,2014.109,0,39
,1095.92,2016.983,0,39
,1402.839,2019.069,6,39
,1613.269,2019.455,8,39
,1199.784,2025.213,12,39
,1634.862,2024.698,8,39
,1505.632,2027.498,6,39
,743.2053,2029.317,1,39
,1245.572,2028.271,6,39
,1439.218,2027.72,16,39
,1306.957,2031.053,0,39
,1680.208,2035.117,0,39
,1160.154,2035.281,0,39
,338.224,2037.518,11,39
,315.5482,2040.874,0,39
,1652.148,2042.887,6,39
,1239.148,5.0,5,39
,1630.937,5.283019,18,39
,1379.882,6.177049,4,39
,1417.281,7.037288,4,39
,163.5,7.348592,5,39
,1674.484,7.480315,4,39
,1254.897,7.35249,8,39
,1522.32,7.966805,10,39
,1174.329,9.591549,4,39
,274.7765,11.16735,6,39
,1293.906,11.07634,4,39
,1325.299,12.73659,4,39
,1468.632,11.50439,5,39
,1448.746,13.27148,4,39
,145.8714,17.17961,1,39
,1269.34,18.25901,5,39
,2040.0,17.2439,5,39
,1375.012,21.58004,4,39
,1694.161,23.47204,13,39
,1517.503,26.37963,10,39
,1175.624,28.41905,5,39
,1485.82,28.97718,4,39
,1466.257,30.84127,4,39
,1208.512,31.33843,16,39
,1675.581,32.66912,4,39
,1290.589,34.63107,4,39
,1314.125,34.66568,4,39
,1387.222,39.29424,4,39
,1432.198,41.73333,10,39
,721.4901,45.01127,2,39
,126.6712,46.12329,0,39
,1267.295,47.42923,5,39
,1457.057,47.29716,4,39
,1654.183,48.1219,4,39
,1366.812,52.58214,4,39
,111.4493,53.68116,0,39
,1473.494,54.33239,4,39
,1289.438,56.46891,5,39
,1313.656,56.37319,4,39
,1417.121,56.74074,1,39
,1502.672,56.26264,4,39
,1197.783,58.13208,5,39
,1689.826,57.62251,4,39
,82.13208,59.19497,5,39
,1252.309,58.88353,5,39
,705.1893,60.75959,0,39
,1485.366,64.4561,4,39
,1227.59,66.88514,5,39
,1521.979,66.63914,1,39
,179.9574,68.5645,6,39
,1447.755,66.81333,10,39
,1279.192,69.60748,4,39
,1248.53,73.01333,10,39
,1205.845,74.21245,5,39
,1184.93,77.5191,4,39
,1416.598,76.88737,4,39
,1155.903,78.91549,8,39
,1707.238,81.54796,16,39
,1500.759,84.87238,4,39
,1444.097,86.257,1,39
,1222.708,87.28612,5,39
,1524.168,89.81725,4,39
,1671.298,88.88182,16,39
,1469.869,90.34385,5,39
,1398.358,92.85129,8,39
,786.7735,95.31552,18,39
,79.26679,97.48944,5,39
,1597.055,100.0055,4,39
,1488.568,99.48986,8,39
,1457.798,102.9731,1,39
,1616.7,109.0826,5,39
,1496.106,115.4892,8,39
,1683.991,117.389,16,39
,1441.903,116.917,4,39
,36.36391,121.1254,0,39
,1521.989,120.2278,5,39
,684.2614,122.6954,10,39
,1581.323,122.1331,5,39
,1619.64,124.3596,4,39
,1596.331,131.2418,8,39
,1536.983,141.1042,19,39
,906.5,142.4337,12,39
,1576.775,149.0459,4,39
,1464.875,149.2465,4,39
,1594.371,155.6609,5,39
,1653.984,159.6334,4,39
,147.2322,162.6193,18,39
,236.7311,164.0401,12,39
,15.9484,166.0307,5,39
,88.75874,167.4615,18,39
,1543.739,171.3754,19,39
,1589.412,172.7237,5,39
,1000.066,176.4373,12,39
,935.9783,178.2609,7,39
,1521.295,181.2734,19,39
,1565.031,188.855,4,39
,1605.655,184.7765,4,39
,8.969555,192.2763,10,39
,1596.983,199.3683,4,39
,2042.214,196.5886,10,39
,2040.045,218.3955,12,39
,1538.72,230.4162,5,39
,530.3441,237.7895,0,39
,655.3038,238.6962,2,39
,1555.155,241.0904,16,39
,547.8857,249.9143,12,39
,1527.216,249.9068,13,39
,1586.569,266.1534,19,39
,1608.994,273.7997,13,39
,526.8419,278.7442,17,39
,1589.811,293.2346,8,39
,206.4286,336.9571,0,39
,475.65,345.7444,12,39
,1570.446,346.5538,1,39
,220.9667,354.8919,8,39
,471.765,363.66,12,39
,356.4407,365.4407,0,39
,568.2841,367.9592,18,39
,377.4084,377.9634,0,39
,1249.93,384.5126,3,39
,442.7039,394.3575,12,39
,468.2395,415.2635,3,39
,429.8894,465.705,3,39
,484.8202,466.7675,3,39
,452.4286,471.6735,12,39
,410.396,481.5083,3,39
,436.9885,492.046,19,39
,474.5822,497.572,12,39
,424.0611,498.6069,5,39
,405.8765,499.0294,19,39
,906.1261,503.7658,16,39
,466.6798,515.6314,5,39
,493.5394,517.9544,18,39
,318.7935,523.191,4,39
,387.0857,522.9539,19,39
,422.3299,535.9381,19,39
,2030.932,551.3625,1,39
,1396.368,556.3263,5,39
,336.0479,558.0957,0,39
,544.8652,560.1685,0,39
,2042.532,566.7126,22,39
,1444.092,576.8803,0,39
,337.4483,596.8391,19,39
,315.6484,602.5078,17,39
,719.8702,654.4656,14,39
,730.8201,673.2302,14,39
,751.2662,678.0195,16,39
,721.0607,707.3169,5,39
,789.5143,722.4104,13,39
,805.7973,728.9865,5,39
,85.69064,729.5061,12,39
,711.9544,730.5899,14,39
,384.6143,730.1435,9,39
,739.5425,732.0309,16,39
,817.3476,743.899,8,39
,789.6901,747.7465,13,39
,115.6371,749.1293,16,39
,726.949,750.8109,4,39
,803.0,751.67,10,39
,682.2626,753.6621,4,39
,702.1558,753.7161,4,39
,839.3801,761.8954,19,39
,750.9163,768.9327,8,39
,903.8095,768.2413,13,39
,322.3351,773.6432,11,39
,269.1716,776.0099,12,39
,774.4535,776.2888,13,39
,729.1107,776.6735,19,39
,701.2323,784.4646,5,39
,764.0268,791.7893,13,39
,718.4463,797.1186,4,39
,734.1408,804.7606,13,39
,706.3586,805.4422,5,39
,691.8633,809.53,5,39
,778.3656,807.9742,13,39
,752.0618,810.2092,13,39
,796.4569,812.3483,5,39
,818.3657,815.5556,8,39
,678.4368,817.1724,5,39
,706.2282,820.7919,4,39
,764.4082,820.7075,4,39
,900.5354,820.5043,5,39
,838.254,821.2587,5,39
,660.3139,822.769,4,39
,859.8968,819.7542,5,39
,776.5186,828.5311,4,39
,803.0078,833.1365,8,39
,692.3926,838.4791,5,39
,893.4554,838.1386,5,39
,872.8459,841.6071,4,39
,828.5047,842.2648,5,39
,790.9619,844.5249,5,39
,669.4199,846.3203,4,39
,847.6542,848.4865,5,39
,963.6972,846.9648,4,39
,900.5273,850.0473,4,39
,1048.857,852.3306,19,39
,1252.37,851.2606,16,39
,1110.333,854.7399,13,39
,1182.749,858.4426,4,39
,1323.105,859.3103,19,39
,975.3777,862.3129,4,39
,826.2795,864.4955,19,39
,1069.816,865.4124,8,39
,905.5991,865.991,4,39
,1266.493,866.5918,4,39
,870.9908,869.4716,4,39
,1286.829,869.0876,4,39
,702.19,871.7172,4,39
,1356.89,873.418,4,39
,889.651,874.6076,5,39
,682.0094,876.8715,5,39
,1113.921,877.379,4,39
,1014.824,876.7286,4,39
,904.8155,879.2913,4,39
,779.5441,878.8431,16,39
,919.9838,880.1883,4,39
,498.9865,880.9121,14,39
,795.4068,880.5661,8,39
,1213.968,884.8,4,39
,851.5383,885.2338,5,39
,939.0911,885.036,4,39
,972.6116,886.8161,4,39
,662.7655,886.4403,5,39
,1266.445,888.2392,4,39
,1380.923,890.5011,13,39
,993.153,890.5214,8,39
,749.25,893.7045,5,39
,788.2784,895.4701,8,39
,808.7626,895.2197,19,39
,1192.341,894.8776,5,39
,910.2303,897.5333,5,39
,955.0898,895.2526,8,39
,1095.509,897.6303,4,39
,1208.173,898.9248,4,39
,1128.483,901.1454,5,39
,890.4156,899.5105,5,39
,765.4332,902.9401,5,39
,835.6375,902.2491,5,39
,866.0022,902.5011,5,39
,926.9362,902.9515,8,39
,1250.301,903.7808,4,39
,492.3265,903.4735,14,39
,1278.461,904.6454,4,39
,1110.397,905.4816,4,39
,1058.299,906.5766,1,39
,995.2254,907.493,5,39
,1324.123,906.9041,13,39
,657.0274,908.1644,5,39
,640.2172,908.1311,19,39
,1082.272,909.102,8,39
,974.125,910.3139,5,39
,1225.957,910.2578,4,39
,1301.465,909.3278,13,39
,783.5481,912.5394,8,39
,911.8114,912.7784,1,39
,940.4772,913.7716,4,39
,953.2475,914.6634,8,39
,821.2603,917.6269,4,39
,1048.879,918.2453,1,39
,1203.345,918.296,4,39
,886.9609,919.2964,8,39
,993.7458,920.4305,5,39
,801.3867,924.4719,5,39
,857.8597,924.3371,8,39
,667.2323,925.1061,4,39
,838.364,924.8021,5,39
,763.7306,925.8642,5,39
,1287.828,926.0979,4,39
,1250.605,926.9099,4,39
,962.613,929.4966,8,39
,735.0877,931.4316,5,39
,749.9431,931.9919,5,39
,780.5815,932.1565,8,39
,876.7971,933.3101,19,39
,1062.527,934.0173,8,39
,1439.214,935.381,5,39
,984.6797,935.8867,4,39
,1081.765,936.6728,5,39
,1226.353,938.8947,4,39
,1096.371,939.1667,5,39
,672.8647,940.7525,5,39
,1007.961,940.8406,5,39
,826.096,941.66,4,39
,1044.853,941.8342,16,39
,1248.45,945.5367,4,39
,768.5751,946.7554,11,39
,731.844,947.5142,4,39
,812.0277,949.2495,19,39
,602.8838,950.4014,13,39
,927.2064,949.036,4,39
,966.694,950.2218,4,39
,1171.546,950.8874,4,39
,750.8536,951.9461,5,39
,997.4826,951.7568,4,39
,1318.117,958.2959,4,39
,653.2866,957.7033,4,39
,876.8075,959.4534,19,39
,1185.343,960.0813,5,39
,1234.929,959.819,5,39
,825.9948,962.772,19,39
,1257.541,963.4501,5,39
,1339.115,964.3949,0,39
,721.5913,965.9129,4,39
,1004.948,967.5146,5,39
,846.7654,969.8917,19,39
,950.9836,970.3075,4,39
,1220.193,969.7034,4,39
,740.9224,970.9752,5,39
,973.6441,970.995,4,39
,618.396,972.3654,1,39
,765.1643,971.6886,5,39
,638.2481,974.093,5,39
,785.9254,973.3816,19,39
,1303.867,973.4879,4,39
,412.6193,978.2844,10,39
,805.8993,977.4195,19,39
,988.6651,978.0766,5,39
,654.6148,980.7423,4,39
,870.5356,980.1253,4,39
,1013.198,981.8323,5,39
,908.76,984.04,5,39
,730.1922,984.5635,4,39
,828.4716,984.4716,4,39
,1256.288,985.2596,4,39
,639.4828,993.9678,4,39
,995.2207,996.2207,4,39
,760.5211,997.1907,4,39
,929.8355,999.8466,4,39
,743.5874,999.0,4,39
,1011.583,1000.086,4,39
,725.3433,1002.508,5,39
,808.621,1003.213,10,39
,838.2453,1004.562,5,39
,58.38462,1006.126,5,39
,697.8727,1006.217,4,39
,596.1092,1004.601,10,39
,781.122,1007.788,10,39
,681.5137,1009.486,5,39
,949.9071,1009.929,19,39
,900.4595,1009.85,4,39
,25.9172,1013.045,5,39
,79.41634,1013.796,4,39
,652.3,1016.232,4,39
,1075.748,1016.848,8,39
,748.587,1016.524,19,39
,1040.671,1018.608,4,39
,553.6989,1020.333,19,39
,1025.24,1020.743,4,39
,1057.185,1021.414,8,39
,673.1891,1024.349,8,39
,830.0572,1023.644,5,39
,16.87122,1026.587,5,39
,970.6094,1028.323,19,39
,542.7193,1028.88,19,39
,624.789,1029.156,4,39
,927.4771,1031.993,4,39
,950.7572,1035.025,4,39
,991.7568,1036.493,4,39
,512.2909,1036.936,11,39
,1042.86,1036.958,4,39
,1067.229,1039.757,8,39
,649.0498,1041.562,5,39
,689.6762,1041.256,5,39
,839.124,1040.496,19,39
,1084.404,1041.301,5,39
,1011.386,1043.205,4,39
,717.2629,1044.49,5,39
,673.1673,1044.947,5,39
,1027.469,1046.264,19,39
,34.46277,1046.979,5,39
,615.5397,1048.783,4,39
,634.0968,1049.963,5,39
,87.37303,1052.117,1,39
,1041.035,1053.052,19,39
,16.01653,1052.737,5,39
,732.1376,1052.501,8,39
,1056.581,1055.432,5,39
,996.9973,1059.973,1,39
,1399.404,1061.731,5,39
,774.4266,1063.69,19,39
,706.1599,1065.069,4,39
,2024.442,1065.662,1,39
,602.7132,1069.397,13,39
,646.6245,1070.265,8,39
,672.4196,1071.906,1,39
,623.9206,1073.431,8,39
,110.5621,1073.96,1,39
,76.05112,1075.07,5,39
,248.4979,1074.457,13,39
,435.4127,1075.975,14,39
,729.3654,1075.462,5,39
,751.7177,1076.072,5,39
,312.3453,1077.425,6,39
,129.015,1088.724,6,39
,924.984,1087.973,6,39
,45.61792,1088.981,5,39
,741.913,1090.576,4,39
,689.7143,1092.485,8,39
,640.2685,1096.892,5,39
,759.3292,1097.204,8,39
,620.5484,1098.835,4,39
,710.5746,1098.974,4,39
,605.2231,1103.785,13,39
,585.3556,1104.549,13,39
,46.91055,1106.8,5,39
,736.6757,1108.834,4,39
,678.0393,1109.398,5,39
,390.2301,1110.662,5,39
,700.8957,1110.705,5,39
,723.0346,1111.958,5,39
,17.675,1113.411,1,39
,794.5278,1116.111,19,39
,754.7325,1118.112,5,39
,77.51479,1119.734,5,39
,654.9073,1119.961,18,39
,6.514286,1122.691,5,39
,1993.278,1126.833,13,39
,55.75459,1128.244,5,39
,730.1982,1129.841,4,39
,29.49153,1129.996,19,39
,710.1102,1129.776,19,39
,2039.905,1129.964,5,39
,674.7803,1129.871,5,39
,692.1704,1132.517,5,39
,614.8574,1134.293,8,39
,803.5653,1136.884,13,39
,1946.42,1137.622,12,39
,1972.259,1137.445,12,39
,723.1159,1143.652,19,39
,15.14748,1144.514,5,39
,687.4195,1155.733,8,39
,639.759,1157.968,18,39
,2002.253,1164.297,9,39
,728.4689,1163.893,8,39
,2027.189,1166.52,5,39
,1197.497,1171.395,14,39
,776.2523,1179.64,5,39
,2013.587,1178.03,3,39
,757.3252,1180.27,4,39
,639.4833,1181.717,10,39
,792.7316,1194.749,4,39
,654.2629,1197.477,4,39
,745.3816,1200.95,5,39
,766.8678,1200.566,4,39
,2042.555,1201.832,14,39
,700.2383,1195.788,1,39
,780.8098,1201.614,4,39
,684.2158,1209.118,4,39
,728.9198,1214.494,8,39
,662.5515,1219.401,4,39
,782.9043,1223.606,4,39
,630.8045,1228.073,5,39
,713.5337,1227.784,1,39
,661.9671,1238.138,4,39
,608.5675,1239.524,18,39
,701.4067,1239.901,8,39
,679.0574,1240.794,4,39
,644.753,1247.254,4,39
,738.2229,1252.586,5,39
,668.5552,1255.707,4,39
,756.6607,1255.845,1,39
,160.7407,1256.36,5,39
,107.8944,1264.089,12,39
,695.1016,1261.503,5,39
,773.1392,1264.656,8,39
,1997.709,1266.052,12,39
,613.9315,1266.356,5,39
,657.4492,1267.243,4,39
,177.9647,1269.376,5,39
,628.6303,1270.206,4,39
,718.6569,1276.441,5,39
,704.8818,1280.783,5,39
,743.9273,1280.243,8,39
,158.4277,1289.048,5,39
,651.0279,1288.406,4,39
,690.5141,1288.619,5,39
,139.2831,1291.246,5,39
,677.1838,1295.201,4,39
,629.9309,1303.859,16,39
,660.9714,1304.471,4,39
,744.7632,1303.532,19,39
,181.698,1307.432,8,39
,127.431,1309.539,4,39
,69.99346,1318.026,5,39
,137.6147,1324.424,5,39
,670.0561,1333.836,5,39
,72.26757,1341.024,5,39
,90.64935,1343.532,5,39
,158.0344,1342.98,5,39
,57.59084,1356.331,6,39
,129.1409,1354.926,8,39
,107.4033,1360.35,5,39
,85.9881,1361.397,5,39
,170.7939,1361.962,4,39
,152.3832,1368.125,4,39
,1645.583,1370.104,3,39
,110.7636,1380.5,5,39
,126.1962,1397.69,5,39
,59.13636,1399.432,19,39
,148.2153,1408.206,5,39
,595.068,1415.439,6,39
,86.83077,1418.841,19,39
,106.4016,1421.01,5,39
,164.3537,1426.758,5,39
,47.80259,1427.46,18,39
,72.88067,1431.737,4,39
,129.4437,1433.336,5,39
,103.4071,1440.642,4,39
,181.1292,1451.275,19,39
,93.4292,1455.562,5,39
,155.8194,1455.546,19,39
,141.6337,1466.57,5,39
,80.8742,1467.172,5,39
,127.4974,1468.289,4,39
,504.561,1470.732,6,39
,173.065,1472.43,5,39
,155.8027,1476.934,5,39
,36.25092,1480.207,5,39
,58.42529,1484.031,1,39
,140.5532,1487.553,5,39
,176.3901,1496.261,5,39
,15.27458,1499.492,5,39
,200.9528,1502.587,19,39
,311.2278,1503.688,16,39
,128.717,1506.683,1,39
,156.0518,1511.747,1,39
,1123.98,1522.861,13,39
,174.7298,1528.003,19,39
,149.8,1530.994,4,39
,125.8848,1535.124,4,39
,1093.755,1535.013,12,39
,57.60996,1542.88,6,39
,194.274,1544.764,19,39
,2038.624,1554.254,13,39
,1395.492,1556.009,0,39
,144.3662,1558.178,4,39
,211.4399,1560.915,4,39
,196.7361,1568.26,19,39
,123.5567,1568.956,5,39
,162.8771,1576.326,5,39
,9.489286,1579.396,0,39
,232.6567,1579.956,6,39
,2041.64,1579.938,13,39
,39.35251,1585.367,16,39
,140.3788,1585.185,5,39
,759.1572,1616.585,0,39
,2040.716,1616.143,5,39
,1071.041,1626.773,5,39
,177.5368,1632.259,8,39
,1044.188,1635.525,19,39
,1029.136,1638.885,19,39
,232.3032,1648.573,6,39
,320.5618,1650.275,1,39
,1052.634,1660.378,5,39
,1065.385,1666.914,5,39
,1003.578,1690.698,8,39
,624.915,1692.524,19,39
,1036.938,1700.127,5,39
,2043.286,1701.149,19,39
,4.944056,1706.308,5,39
,124.1452,1720.129,6,39
,1031.256,1717.209,5,39
,291.4643,1724.883,5,39
,1122.918,1725.709,1,39
,271.1414,1727.976,6,39
,15.39607,1731.368,5,39
,640.1559,1734.823,12,39
,168.2675,1737.187,5,39
,623.7864,1738.182,12,39
,1071.945,1736.785,4,39
,1089.089,1740.297,4,39
,99.63098,1744.741,8,39
,1045.129,1743.494,19,39
,999.7097,1745.185,12,39
,1108.469,1749.265,4,39
,588.3538,1749.371,19,39
,1027.65,1749.774,19,39
,1048.825,1760.481,19,39
,1080.37,1760.736,4,39
,1127.744,1759.547,5,39
,1120.98,1766.9,5,39
,2041.852,1766.318,0,39
,7.668213,1767.531,0,39
,1108.982,1769.1,5,39
,1753.039,1773.039,3,39
,599.9848,1772.54,11,39
,1408.682,1774.322,8,39
,1057.123,1773.281,19,39
,358.8394,1779.066,5,39
,1013.876,1778.475,6,39
,1573.346,1786.063,0,39
,1798.314,1783.421,3,39
,89.46545,1796.676,6,39
,1265.59,1801.644,19,39
,1107.351,1808.68,4,39
,344.6706,1811.46,6,39
,1083.867,1818.321,4,39
,1119.938,1817.228,4,39
,1676.941,1818.119,5,39
,1276.466,1822.297,1,39
,83.04147,1823.677,5,39
,326.0027,1829.396,1,39
,1093.0,1831.45,5,39
,1299.477,1832.187,5,39
,1684.081,1833.592,18,39
,1082.526,1840.124,5,39
,2042.439,1840.309,0,39
,1101.088,1841.592,5,39
,1266.547,1838.796,5,39
,1732.735,1843.883,5,39
,5.895105,1842.944,0,39
,1597.059,1844.363,12,39
,1199.682,1847.724,18,39
,279.7193,1850.044,19,39
,1122.667,1849.45,5,39
,1054.798,1852.915,4,39
,1721.946,1856.903,18,39
,151.7578,1858.594,1,39
,1081.78,1858.068,18,39
,1707.013,1857.091,18,39
,1101.874,1863.388,5,39
,1361.408,1865.895,0,39
,467.9185,1868.444,14,39
,174.3228,1868.49,1,39
,303.7635,1870.862,13,39
,425.3506,1875.022,1,39
,1065.389,1874.789,18,39
,235.5444,1875.23,1,39
,332.7961,1880.355,14,39
,112.994,1883.622,0,39
,1197.41,1884.745,10,39
,452.1394,1886.52,11,39
,639.7294,1886.438,14,39
,1076.416,1887.407,4,39
,200.7409,1889.017,19,39
,1587.24,1888.629,8,39
,1102.506,1892.531,4,39
,8.761682,1894.827,0,39
,1644.933,1895.724,0,39
,1354.341,1899.385,9,39
,1063.164,1900.641,4,39
,170.4081,1900.836,6,39
,1758.806,1904.693,18,39
,350.0088,1907.587,6,39
,375.2774,1908.379,10,39
,26.33918,1910.244,0,39
,88.06949,1910.126,0,39
,1042.078,1911.078,18,39
,304.5693,1913.229,14,39
,130.3686,1912.904,1,39
,156.0513,1915.106,6,39
,8.917127,1914.785,0,39
,110.4856,1918.531,0,39
,574.1737,1918.441,19,39
,669.5263,1919.363,14,39
,1086.702,1920.0,8,39
,560.9283,1921.975,5,39
,984.8633,1921.773,1,39
,1218.429,1922.453,10,39
,508.2257,1924.186,10,39
,1061.23,1925.412,4,39
,50.82755,1926.117,0,39
,954.5812,1928.949,6,39
,488.5806,1936.116,10,39
,1640.926,1935.833,11,39
,381.5591,1936.233,11,39
,437.7462,1948.629,10,39
,1033.071,1950.149,19,39
,1055.178,1950.894,4,39
,1199.271,1949.706,13,39
,268.9005,1953.424,0,39
,1630.927,1953.307,0,39
,1661.352,1956.54,18,39
,1908.077,1959.115,3,39
,181.6311,1960.43,0,39
,199.8523,1963.924,13,39
,505.0486,1967.835,10,39
,670.8665,1970.681,14,39
,587.5622,1973.079,18,39
,94.0612,1974.828,0,39
,489.6803,1976.413,5,39
,1044.135,1975.795,5,39
,2021.563,1979.031,1,39
,540.5989,1979.989,18,39
,561.2421,1979.604,18,39
,515.547,1984.35,18,39
,982.3485,1985.011,6,39
,614.2216,1985.428,5,39
,1785.841,1986.178,5,39
,288.3532,1986.132,0,39
,370.372,1986.831,18,39
,78.72018,1989.234,5,39
,426.0943,1991.349,14,39
,488.5423,1993.488,5,39
,579.4075,1994.088,18,39
,2019.992,1996.28,5,39
,525.8922,1998.482,4,39
,1570.006,1999.265,5,39
,504.9443,2000.654,19,39
,117.8627,2000.854,0,39
,2008.624,2002.416,3,39
,143.0181,2009.638,7,39
,167.6462,2010.908,7,39
,977.231,2011.245,4,39
,218.3908,2013.387,19,39
,489.1548,2014.799,5,39
,890.4146,2010.332,1,39
,1004.186,2016.453,4,39
,566.4535,2018.404,18,39
,855.3523,2018.724,1,39
,471.4128,2016.896,18,39
,588.47,2020.77,5,39
,521.4494,2025.732,4,39
,604.3421,2027.158,5,39
,197.3331,2029.254,13,39
,430.1075,2029.135,5,39
,638.9152,2029.443,6,39
,1375.138,2031.233,6,39
,1791.971,2033.959,19,39
,972.7565,2035.669,8,39
,552.7866,2034.731,5,39
,848.2196,2036.091,1,39
,1467.009,2033.449,6,39
,512.6786,2041.245,5,39
,1133.745,2040.743,0,39
,1343.199,2040.594,5,39
,533.2548,2042.019,5,39
,377.8306,2044.032,12,39
,499.9535,2041.682,5,39
,1012.747,22.80063,1,39
,1645.033,23.34655,1,39
,1349.063,29.49635,4,39
,1159.152,35.02714,10,39
,1715.331,33.89779,13,39
,1405.956,42.25383,10,39
,1577.131,53.75131,10,39
,1133.815,63.18462,15,39
,1080.955,73.35015,20,39
,1170.241,75.50575,5,39
,1648.857,80.39946,10,39
,1379.976,82.30909,20,39
,1359.006,84.89041,20,39
,1830.331,84.89914,10,39
,1555.908,87.44048,8,39
,1269.747,88.69299,10,39
,1631.264,95.10435,10,39
,1116.287,94.36509,12,39
,1242.592,106.9211,10,39
,1975.993,108.737,16,39
,849.0106,110.4574,9,39
,1472.602,124.692,8,39
,1061.056,124.9333,10,39
,1199.821,149.0811,7,39
,358.8081,156.6384,1,39
,1613.507,167.9307,10,39
,845.2433,176.546,2,39
,1639.555,193.8967,20,39
,1225.903,204.7778,10,39
,841.6444,217.0222,2,39
,1652.814,216.3524,13,39
,1245.203,220.5881,10,39
,342.1762,220.9262,20,39
,858.9241,223.8861,3,39
,1419.749,227.5223,22,39
,1507.939,235.8788,1,39
,486.017,249.7443,21,39
,1018.271,253.3983,1,39
,1395.17,253.2526,12,39
,1870.06,260.9249,16,39
,963.3023,266.7442,9,39
,1671.615,267.3162,18,39
,1152.187,281.9767,22,39
,1862.164,289.6087,18,39
,1016.227,306.2701,10,39
,204.6196,307.4755,1,39
,1481.018,306.1704,13,39
,837.5776,311.9938,3,39
,188.5167,324.6078,1,39
,2019.896,338.1995,9,39
,1777.329,346.8213,12,39
,422.725,350.0125,12,39
,1765.892,362.6069,12,39
,291.3463,366.6408,10,39
,1273.455,370.3427,9,39
,1534.896,371.6402,13,39
,1331.01,385.3648,9,39
,1572.502,390.007,9,39
,1677.533,390.7251,8,39
,740.8947,423.0383,1,39
,425.5704,438.0095,9,39
,1134.332,445.9266,10,39
,6.917241,452.7966,10,39
,139.1712,460.0929,20,39
,853.8061,463.8014,7,39
,598.5239,486.4681,3,39
,1936.211,487.9541,9,39
,880.0383,498.5464,16,39
,265.2121,506.6579,14,39
,1641.637,521.8953,22,39
,663.532,518.4334,7,39
,1900.443,525.3995,1,39
,2022.767,530.1576,1,39
,80.28405,533.1977,14,39
,1304.039,534.3772,14,39
,488.251,537.1862,17,39
,782.5658,554.1711,9,39
,1632.872,558.3833,17,39
,10.16697,574.9541,14,39
,313.3183,575.6194,14,39
,1743.656,594.6442,9,39
,777.1818,618.6364,10,39
,171.3934,686.3166,14,39
,292.2412,696.1689,1,39
,237.6032,701.5381,9,39
,1776.769,715.5191,1,39
,323.2928,720.7566,1,39
,1003.563,725.1192,15,39
,273.9207,735.7463,1,39
,1693.89,749.3657,22,39
,1994.493,758.056,21,39
,858.9831,762.4915,8,39
,804.2746,772.1065,8,39
,1117.042,774.25,1,39
,583.448,776.0498,10,39
,95.96921,780.822,12,39
,1343.008,781.7159,22,39
,863.7452,781.9363,10,39
,1660.351,791.5657,22,39
,1120.86,794.9545,8,39
,806.2541,796.3486,10,39
,1320.354,815.8938,20,39
,1306.583,819.704,10,39
,1761.771,819.0482,14,39
,232.5044,822.8313,1,39
,1058.515,829.1728,20,39
,1101.891,830.2224,13,39
,1328.686,833.3248,1,39
,420.6227,836.7025,14,39
,358.9565,836.8957,12,39
,1167.79,838.7696,1,39
,917.1111,842.8325,4,39
,217.5345,846.2289,14,39
,2041.557,854.8481,1,39
,424.609,870.1391,14,39
,1373.616,876.6708,16,39
,686.5263,898.4649,10,39
,709.9371,903.5657,1,39
,742.7992,910.675,8,39
,297.263,916.85,1,39
,722.7781,915.3969,10,39
,691.5835,921.2718,19,39
,1099.986,923.9081,8,39
,914.2463,929.0784,5,39
,897.0199,931.9031,10,39
,1340.477,933.2207,10,39
,716.509,939.0749,19,39
,1117.141,942.3803,1,39
,476.864,943.5107,10,39
,855.0043,946.6667,19,39
,837.6028,948.8364,10,39
,910.1045,947.2716,10,39
,1346.473,949.0338,22,39
,700.0122,951.0191,19,39
,787.1263,953.0219,10,39
,1273.368,956.1331,20,39
,62.5212,972.2032,10,39
,579.2874,972.023,13,39
,431.3489,975.4456,11,39
,597.0621,977.3062,10,39
,891.0673,980.8526,5,39
,1280.18,986.5167,10,39
,55.15552,992.224,10,39
,410.4339,998.3122,14,39
,871.0673,1000.81,10,39
,626.8618,1011.132,10,39
,984.5417,1013.399,18,39
,715.3791,1016.223,10,39
,612.3261,1018.904,10,39
,1282.119,1018.361,10,39
,865.2609,1026.398,1,39
,92.7377,1027.503,5,39
,744.0341,1033.939,8,39
,361.7591,1036.943,14,39
,890.1526,1037.656,10,39
,576.2565,1042.432,10,39
,815.7355,1048.86,19,39
,750.8655,1056.957,8,39
,72.82456,1059.36,5,39
,1077.102,1064.553,10,39
,148.6946,1070.32,20,39
,1038.336,1072.24,8,39
,1057.335,1072.652,1,39
,55.71951,1075.817,5,39
,202.7454,1079.659,20,39
,789.1169,1087.753,10,39
,1874.522,1099.325,15,39
,806.4097,1100.441,10,39
,100.6009,1103.542,1,39
,972.5652,1113.743,10,39
,1872.942,1118.058,7,39
,561.4216,1127.509,10,39
,113.4077,1130.386,1,39
,985.5066,1131.762,10,39
,1121.529,1133.753,22,39
,706.4987,1150.265,5,39
,671.28,1153.256,18,39
,1162.026,1155.862,9,39
,780.4609,1158.461,16,39
,591.5252,1159.356,10,39
,1248.595,1163.551,13,39
,704.5,1171.183,10,39
,22.05442,1172.099,14,39
,618.664,1172.908,10,39
,327.3146,1174.022,13,39
,800.0816,1175.845,10,39
,1939.567,1175.784,1,39
,1171.728,1177.72,22,39
,741.5229,1181.846,8,39
,564.9132,1193.566,13,39
,989.2945,1197.598,8,39
,1167.519,1200.338,9,39
,616.345,1201.592,10,39
,1183.169,1201.927,14,39
,1949.403,1207.128,17,39
,2039.975,1215.118,14,39
,279.6856,1223.402,14,39
,322.0174,1241.516,12,39
,722.1987,1246.375,1,39
,489.1467,1262.14,21,39
,721.2007,1264.204,5,39
,78.29032,1267.816,22,39
,1187.057,1271.891,22,39
,562.0736,1284.376,10,39
,718.5549,1288.747,1,39
,120.7083,1292.238,5,39
,1198.997,1296.615,10,39
,998.793,1303.418,1,39
,713.6708,1305.3,1,39
,1218.959,1314.959,10,39
,325.3314,1323.278,1,39
,1183.243,1347.392,16,39
,734.567,1348.212,21,39
,950.6873,1357.646,14,39
,1165.505,1358.255,7,39
,1089.83,1360.879,15,39
,792.8396,1364.892,16,39
,506.7514,1377.143,10,39
,173.1013,1383.82,19,39
,158.2406,1392.263,19,39
,590.9421,1436.399,22,39
,1611.891,1459.269,3,39
,467.3391,1471.888,1,39
,528.9833,1472.894,1,39
,482.087,1474.304,1,39
,516.75,1477.662,1,39
,1032.935,1477.727,13,39
,1625.847,1478.719,17,39
,1045.652,1512.304,1,39
,1118.318,1539.552,13,39
,38.21583,1545.155,13,39
,1005.734,1574.666,10,39
,210.8228,1595.79,10,39
,1356.293,1621.37,7,39
,1232.864,1646.382,10,39
,1067.879,1650.197,10,39
,1431.934,1657.624,14,39
,1458.915,1661.694,10,39
,237.369,1669.754,1,39
,1059.099,1688.644,10,39
,983.3811,1689.409,13,39
,296.7548,1697.611,1,39
,1086.942,1699.0,1,39
,343.3676,1712.705,18,39
,490.7309,1715.775,1,39
,1100.247,1725.636,8,39
,1679.657,1729.642,3,39
,1656.414,1731.041,3,39
,1119.638,1740.203,1,39
,1669.291,1745.597,3,39
,1653.03,1747.286,3,39
,182.0,1756.286,10,39
,1198.415,1759.495,10,39
,1153.5,1772.654,1,39
,571.765,1772.652,0,39
,1651.146,1775.673,3,39
,1961.82,1780.028,3,39
,654.0971,1811.398,1,39
,1724.221,1812.511,3,39
,1895.407,1817.164,17,39
,1295.869,1817.195,10,39
,1230.263,1819.471,10,39
,1325.79,1831.392,1,39
,1721.843,1831.966,18,39
,1385.821,1831.989,10,39
,1755.74,1833.545,3,39
,347.3567,1841.913,5,39
,1219.743,1852.843,10,39
,512.5082,1853.998,10,39
,858.9672,1868.738,1,39
,1825.04,1872.368,17,39
,1312.522,1879.739,1,39
,1699.947,1880.979,18,39
,1258.612,1882.467,10,39
,563.3591,1882.017,10,39
,1893.814,1889.277,3,39
,569.815,1898.222,5,39
,2029.082,1898.384,3,39
,522.1283,1900.819,10,39
,1157.892,1902.938,18,39
,1626.303,1907.598,5,39
,409.0559,1910.731,10,39
,540.1667,1913.566,1,39
,1562.719,1917.074,1,39
,327.6895,1917.405,1,39
,404.5449,1926.775,5,39
,1080.642,1951.219,1,39
,1280.646,1951.775,6,39
,617.3244,1959.847,10,39
,687.8125,1961.375,14,39
,458.7861,1976.254,10,39
,1003.26,1985.026,10,39
,383.1922,2004.593,14,39
,404.2429,2012.862,1,39
,450.0333,2012.899,18,39
,1812.233,2019.27,17,39
,767.2914,2029.709,1,39
,1905.025,2033.354,3,39
,479.1023,2041.935,1,39
,285.9091,2044.372,1,39
,445.0882,2043.873,5,39
